rank,university_name,Academic Reputation,Citations per Faculty,Faculty Student Ratio,Employer Reputation,Employment Outcomes,International Student Ratio,International Faculty Ratio, International Research
1,Massachusetts Institute of Technology (MIT),100,100,100,100,,91.4,100,
2,University of Oxford,100,96,100,100,,98.5,99.5,
=3,Stanford University,100,99.9,100,100,,67,99.8,
=3,University of Cambridge,100,92.1,100,100,,97.7,100,
5,Harvard University,100,100,99.1,100,,70.1,84.2,
6,California Institute of Technology (Caltech),96.7,100,100,89.9,,87.7,99.4,
7,Imperial College London,98.4,88.1,99.8,99.8,,100,100,
=8,ETH Zurich,98.7,99.8,80.4,95.3,,98.2,100,
=8,UCL,99.4,78,99,98.9,,100,99.5,
10,University of Chicago,99.2,90.6,95.5,93.5,,84.9,71.9,
11,National University of Singapore (NUS),99.6,90.6,86.8,97.1,,70.3,100,
12,"Nanyang Technological University, Singapore (NTU Singapore)",91.1,95.5,89.5,85,,69.6,100,
13,University of Pennsylvania,96.2,74,100,93.8,,58.1,94.1,
=14,EPFL – École polytechnique fédérale de Lausanne,82.4,99.8,94.8,79.7,,100,100,
=14,Yale University,99.9,59.9,100,100,,69.8,87.9,
16,The University of Edinburgh,98,69.5,83.5,97.3,,99.6,99.3,
17,Tsinghua University,98.6,96,90.6,97.6,,26.3,15.3,
18,Peking University,99.4,89.5,83.5,98.2,,38.5,45.6,
19,Columbia University,99.6,55.6,100,98.4,,98.4,52.7,
20,Princeton University,99.9,100,68.7,99.2,,63.2,28.1,
21,Cornell University,98.4,98.9,61.3,93.9,,66.1,75.6,
22,The University of Hong Kong,97.9,62.1,85.4,73.1,,98.9,100,
=23,The University of Tokyo,100,79,92.4,99.6,,28.5,3.3,
=23,University of Michigan-Ann Arbor,98.6,70.5,90.2,93,,34.9,63.4,
25,Johns Hopkins University,87.6,89.9,100,51.6,,91.7,55.1,
26,University of Toronto,99.5,58.8,69.4,98.2,,94.9,98.6,
=27,McGill University,92.5,65.5,73.3,94.4,,96.6,92.2,
=27,Australian National University (ANU),94.6,95.4,44.4,79.3,,98.8,100,
=27,The University of Manchester,95.2,58.1,72.5,98,,99.3,94,
30,Northwestern University,84.4,87.1,99.3,74.7,,49.6,30,
31,Fudan University,84.8,71.1,91.5,89.1,,45.5,93.3,
32,"University of California, Berkeley (UCB)",100,99.9,23.3,100,,55.3,95.4,
33,Kyoto University,98.7,60.3,96,97.8,,22.7,5.4,
34,The Hong Kong University of Science and Technology,84.2,98.2,64.8,60.7,,89.2,100,
35,King's College London,88.9,53.9,83.4,86.2,,100,99.2,
36,Seoul National University,98.3,75,83.9,96.5,,8.9,4,
37,The University of Melbourne,98.9,89.7,19.9,97.3,,99.9,97.1,
38,The University of Sydney,96.8,87.9,20.9,95.4,,100,100,
39,The Chinese University of Hong Kong (CUHK),88.8,83.2,62.6,56.7,,91.8,100,
40,"University of California, Los Angeles (UCLA)",100,90.5,42.5,99.9,,26.7,28.9,
41,KAIST - Korea Advanced Institute of Science & Technology,87.5,98.8,73.1,83.1,,12,8.5,
42,New York University (NYU),95.9,27.7,96.6,98.6,,95.6,14.6,
43,The University of New South Wales (UNSW Sydney),90.4,93.5,15.2,94.4,,99.8,100,
44,Université PSL,75.8,55.1,99.9,95.9,,70.5,57.5,
45,Zhejiang University,71.2,69,88,91.5,,63,98.5,
46,University of British Columbia,97.6,46.8,52.7,94.2,,79,89.1,
47,The University of Queensland,88.2,89.4,25.4,80.2,,100,100,
48,"University of California, San Diego (UCSD)",91,78.4,62.6,61.1,,61.8,39.2,
=49,Institut Polytechnique de Paris,44.8,91.6,99.6,98.6,,98.1,94.3,
49,The London School of Economics and Political Science (LSE),72.4,87.8,45,99.2,,100,100,
=50,Shanghai Jiao Tong University,83.4,95.6,55.2,86.7,,36.3,25,
=50,Technical University of Munich,84.5,27.2,94.5,97.6,,91.2,56.9,
52,Duke University,86.9,45.4,100,81.8,,57.4,n/a,
=53,Carnegie Mellon University,72.7,99.9,55,75,,99.1,34.6,
=53,City University of Hong Kong (CityUHK),59.4,96.5,89.7,33,,99.9,100,
55,University of Amsterdam,83.1,99.5,33.6,55.6,,72.9,88.7,
56,Tokyo Institute of Technology (Tokyo Tech),74.6,71.1,87.6,91.1,,36.2,13.7,
57,Delft University of Technology,71.9,87.8,41.8,87.9,,85.9,100,
58,Monash University,88.9,73.9,13.9,87.2,,100,100,
60,Brown University,58.1,94.5,83.2,56.3,,54,78.2,
61,The University of Warwick,73.1,61.4,52.1,90.8,,99.4,99,
62,University of Bristol,74.7,50.7,67.5,84.3,,83.6,91.3,
63,Universität Heidelberg,80.1,47,99.7,45.7,,54.7,36.6,
64,Ludwig-Maximilians-Universität München,92.8,50,52.7,77.5,,38,49.1,
65,Universiti Malaya (UM),76.9,49.6,76.5,91.7,,42.6,43.6,
66,The Hong Kong Polytechnic University,67.1,63.8,79.2,42.9,,81.3,100,
67,University of Texas at Austin,93.6,96.6,9.5,86.1,,15.4,2.1,
68,National Taiwan University (NTU),92.3,58.7,40.8,87.4,,39.2,7,
69,Universidad de Buenos Aires (UBA),90.2,1.9,78.2,93.4,,71.1,52.8,
=70,KU Leuven,84.4,96.9,8.1,56.1,,41.4,90.3,
=70,University of Zurich,59.3,53.3,96.6,52.8,,57.8,100,
72,Sorbonne University,90.2,75.4,37.4,47.4,,54.2,14.5,
73,University of Glasgow,74.4,38.7,59.6,74,,97.9,95.8,
74,Korea University,77.6,30.6,89.5,90.4,,34,4.3,
=75,Osaka University,80.6,43.4,79.1,80.6,,15.1,7.7,
=75,University of Wisconsin-Madison,83.4,58.4,69.2,52.8,,27.5,8.1,
77,University of Southampton,51.5,85.4,59.8,60.1,,96.9,97.9,
78,Lomonosov Moscow State University,79.5,5.9,99.8,76.5,,87.8,7.3,
=79,University of Copenhagen,73.5,27.5,100,44.2,,25.9,91.7,
=79,Yonsei University,71.6,34.4,89.6,92.6,,44.1,7.1,
81,Pohang University of Science And Technology (POSTECH),44.3,99.7,100,64.1,,3,17.6,
=82,Durham University,58.3,80.6,35.8,88.6,,91.5,97.8,
=82,Tohoku University,71.4,41.3,98.4,73.8,,16.5,3.6,
=82,University of Illinois Urbana-Champaign,86.4,93.8,9.8,63.5,,58.1,8,
=85,The University of Auckland,83.8,55.1,23.7,57.3,,94.3,99.5,
=85,University of Washington,85.4,100,12.2,53,,38.8,17,
=86,Université Paris-Saclay,55.5,46.2,99.2,98.1,,46.5,24.7,
87,Lund University,70.5,55.2,52.6,57.2,,68.3,92.4,
88,Georgia Institute of Technology,67.8,100,6.9,79.4,,64.1,71.3,
89,KTH Royal Institute of Technology,47.3,78.2,69.8,64.1,,62.7,97,
90,University of Birmingham,65.5,47.4,51.9,74.6,,90,91.6,
91,University of St Andrews,46.7,69.7,67.6,64.7,,99.7,99.1,
92,University of Leeds,70.6,43.4,44,79.5,,89.4,83.9,
93,The University of Western Australia,58.5,94.9,20.4,58.1,,99.9,100,
94,Rice University,40,93.1,78,29.4,,88.5,89.1,
95,The University of Sheffield,60.4,44.5,66.8,57.9,,98.1,83.7,
96,Pennsylvania State University,75.9,74.4,32.5,73.2,,32.6,10,
97,Sungkyunkwan University (SKKU),61.5,46.8,85.4,68.8,,38.5,7.2,
98,University of Science and Technology of China,52.4,99.9,83.6,14.4,,6.4,8.4,
99,Technical University of Denmark,32.1,75,100,30,,76.6,100,
100,University of North Carolina at Chapel Hill,66.3,53.9,80.9,47.2,,11.1,11.8,
101,"Trinity College Dublin, The University of Dublin",68.2,58.9,27.7,48.9,,94.2,99.9,
102,University of Oslo,55.4,61,85.5,16.3,,29,85,
103,University of Nottingham,59.1,51,43.5,74.2,,83.6,90.3,
104,University of Helsinki,67.2,49.6,68.5,45.8,,6.2,56.5,
=105,Universidad Nacional Autónoma de México (UNAM),94.6,3,49.9,93.2,,3.5,2.9,
=105,University of Geneva,48.7,83.7,47.4,24.4,,97.3,100,
107,Washington University in St. Louis,41.3,61,99.9,16.3,,68.6,79,
108,The University of Adelaide,53.3,90.1,21.9,39.8,,99.7,100,
=108,"University of California, Davis",66.9,65.9,29.7,47.2,,64.8,76.4,
109,King Abdulaziz University (KAU),41.3,63.8,68.9,65.7,,56.3,99.5,
110,Utrecht University,66.1,82.2,37.4,34.4,,24.4,45.5,
111,Université de Montréal,56.6,36.1,74.1,52.5,,53.2,88.3,
=112,Aalto University,45.7,88.4,47.7,45.8,,37.5,96,
=112,Boston University,62,63.7,41,58.9,,87.6,14.4,
=112,Leiden University,69.3,73.5,24.1,32.3,,47.3,78.1,
=112,University of Southern California,56.2,77.5,37.1,60.9,,81.7,23.4,
116,Purdue University,63.3,77.6,14.8,74.9,,50.6,55.8,
117,Queen Mary University of London,50.7,60,51.5,39.4,,99.5,99.8,
118,Nagoya University,59.2,37.4,92,51.1,,20.5,5.1,
119,University of Bern,30.4,97.6,67.5,35,,44,100,
120,The Ohio State University,61.9,39.3,58.7,64.2,,23.2,76.9,
=121,Chalmers University of Technology,28.8,76.1,70.2,62.9,,72.4,100,
=121,Universidade de São Paulo,90.1,42.3,18.8,71.3,,3,2.4,
123,Wageningen University & Research,42.8,53.4,97.9,24.9,,78.5,35.7,
124,Uppsala University,65.1,53.4,38.9,33,,60.4,86.3,
125,Eindhoven University of Technology,29.9,85.9,54.3,78.9,,44.1,100,
126,University of Alberta,53.7,52.7,48.2,47.4,,81.4,90,
127,Freie Universitaet Berlin,80.9,57.8,3.5,51.8,,46.5,50.5,
=128,Humboldt-Universität zu Berlin,90.3,33.1,9.2,63.5,,33,39.8,
=128,University of Groningen,51.1,49.3,62.2,29.1,,86.2,92.6,
130,École Normale Supérieure de Lyon,32.8,85.3,97.2,12.4,,18.5,51.8,
131,Nanjing University,59.6,96.4,30.1,17.7,,9.2,52,
132,Lancaster University,41.2,82.6,39.2,33.2,,97.1,94.6,
133,University of Technology Sydney,44.4,86.3,8.9,71.8,,95.2,98.6,
134,Newcastle University,45.8,48.2,43.3,80.8,,85.8,92.2,
135,Pontificia Universidad Católica de Chile (UC),89.6,14,22.4,97.6,,3.8,6.5,
136,"KIT, Karlsruhe Institute of Technology",45.3,74,30.5,78.5,,67.7,58.9,
137,Kyushu University,56.1,31,86.2,60.2,,18.9,4.4,
=138,University of Basel,28.7,97.2,49.7,25.9,,86.7,100,
140,McMaster University,39.9,31.4,86.5,51.6,,55.3,99.5,
141,Ghent University,54.5,34.3,84.8,25.8,,21.1,61.7,
142,Politecnico di Milano,66.1,59.3,5.1,81,,55.2,40.9,
143,Universiti Putra Malaysia (UPM),53.6,20.5,73.9,56.4,,87,32.9,
144,Universiti Kebangsaan Malaysia (UKM),56.7,9.2,94.6,59.4,,28.4,20.5,
145,Hokkaido University,54.8,32.5,79.2,56,,17.9,8.1,
146,"University of California, Santa Barbara (UCSB)",57.8,95.6,10.7,25.3,,37.2,44.1,
147,Universiti Sains Malaysia (USM),58.9,16,69.6,63,,60.6,16,
148,Stockholm University,55.6,65.5,27.3,20.3,,63.1,87.5,
=149,University of Exeter,41.4,58.5,37.3,57.5,,82.9,94.2,
=149,University of Waterloo,39.6,85.7,7.5,79.2,,83.8,74.7,
=151,Cardiff University,47.2,44.3,48.6,47.1,,79.4,81.6,
=151,University of Vienna,70.2,17.2,22.6,47.4,,89.9,98.8,
=151,University of York,43.2,50.2,54.4,37.2,,74,91.8,
154,University of Rochester,25.2,52.6,99.8,18.9,,95.3,57,
155,Aarhus University,56,60.1,32.6,40.2,,15.8,83.9,
156,Hanyang University,45.2,30.1,80.1,74.3,,31.7,8.9,
157,Michigan State University,61,63.3,13.5,60.7,,23.6,50.5,
158,"University of Maryland, College Park",51.9,73.1,43,35.9,,21.9,13.2,
159,Technische Universität Berlin (TU Berlin),55.7,30.7,43.3,68.6,,80.3,23.6,
160,Emory University,25,66.7,99.4,17.3,,38.1,30.5,
=161,Case Western Reserve University,19,75.9,86.3,21.7,,74.1,41.3,
=161,Tecnológico de Monterrey,45,2.5,81.5,90.4,,8.9,73.6,
=163,KFUPM,28.7,54.5,85.9,25.4,,16.5,100,
=163,University of Pittsburgh,42.3,43.9,97.5,18.8,,14.6,2.6,
165,RWTH Aachen University,50.2,60.8,6.5,93.3,,75.6,21.9,
=166,Alma Mater Studiorum - Università di Bologna,77.5,51.8,3.8,46.6,,10.3,4.7,
=166,University of Bath,34.8,63.3,22.4,69.8,,89.5,98.7,
=168,Texas A&M University,61.5,68.6,6,65,,15.6,11,
=168,Universitat de Barcelona,71.3,51,16.1,36.5,,32.2,3.9,
170,Western University,30.8,97.4,5.5,63.9,,60.4,99.4,
171,Sapienza University of Rome,76.5,55.9,4.2,38.4,,10,1.4,
172,Albert-Ludwigs-Universitaet Freiburg,49.9,66.5,34.1,20.8,,43.1,48.9,
=173,University College Dublin,49.6,42.1,25.9,44.6,,76,99.2,
=173,University of Florida,49.7,28.9,76.4,47.9,,12.5,6.2,
175,Al-Farabi Kazakh National University,45.5,1.3,97.2,67.7,,24.4,13.4,
176,University of Lausanne,32.8,63.9,52.4,19,,61.7,99.8,
=177,Eberhard Karls Universität Tübingen,46,16.3,94.6,22.1,,24,43.8,
=177,Indian Institute of Technology Bombay (IITB),51.3,55.5,32.5,79.6,,1.6,1.5,
179,Erasmus University Rotterdam,35.6,61.1,35,58.2,,53.7,81.9,
=180,National Tsing Hua University - NTHU,51.2,53,37.8,59.3,,20.4,7.2,
=180,Technische Universität Wien,32.6,90.4,11.5,48,,82.8,70.5,
=180,University of Gothenburg,37.9,37.2,71.7,21.6,,63.1,73.5,
=183,Khalifa University,13.7,65.1,91.3,10.5,,59.7,100,
=183,Universidad de Chile,76.7,15.3,12.2,92.3,,4.9,2.8,
185,Indian Institute of Technology Delhi (IITD),45.8,70,30.9,70.8,,1.7,1.2,
=186,Indian Institute of Science,34.2,100,48.8,19.2,,1.8,1.2,
=186,University of Minnesota Twin Cities,61.8,54.1,30.6,30.1,,14.8,2.3,
188,Université catholique de Louvain (UCLouvain),50.8,66.8,6.7,38,,42,89.8,
=189,University of Liverpool,42.7,32.2,44.8,37.3,,94.9,86.8,
=189,University of Twente,21,79.3,37.1,42.3,,89.1,98.8,
=191,Dartmouth College,19.5,90.1,71.8,30.1,,32.5,1.7,
=191,Universiti Teknologi Malaysia,42.4,39.2,55.2,53.4,,68.3,6.5,
193,University of Wollongong,30.4,82.3,20.1,37.5,,76.4,90.8,
=194,Curtin University,31.2,84.6,15.2,48.2,,46,100,
=194,Technische Universität Dresden,38,19.5,86.6,51,,37.1,25.2,
=194,University of Otago,50.6,49.5,16,39.2,,47.4,100,
197,"The University of Newcastle, Australia (UON)",30.8,80.6,32.9,28.6,,30.5,100,
198,The Hebrew University of Jerusalem,34.9,36.7,84.5,30.8,,9.4,51.8,
199,University of Bergen,34.2,45,78.1,10,,8.5,85.5,
200,"Macquarie University (Sydney, Australia)",33.2,60.9,17.3,52.8,,95.2,98.8,
201,Keio University,50.2,7.1,62.8,87.7,,13.2,3.6,
202,University of Reading,33.8,62.9,23.8,34.1,,87.7,93.8,
203,Waseda University,60.3,5.2,29.8,94.1,,37.2,13.5,
204,University of Göttingen,50.5,24.8,65.1,20.1,,23.1,33.2,
205,University of Aberdeen,29.3,58.4,31.4,35.1,,99.2,94.9,
206,RMIT University,37.1,51.3,8.3,60.9,,95,100,
=207,Universidad Autónoma de Madrid,58.5,22.7,40.9,56.7,,11.7,2.6,
=207,Universite libre de Bruxelles,33.8,70.1,5,47.8,,89.4,94.5,
=209,Universitat Autònoma de Barcelona,60.8,52.7,13.6,32.3,,23.2,8,
=209,Vrije Universiteit Amsterdam,41,67.1,37.3,17.6,,30.9,37.5,
211,Tongji University,35.4,84.4,24.5,10.4,,37.1,70.4,
212,Ulsan National Institute of Science and Technology (UNIST),9.9,100,76.1,6.5,,13.1,35.4,
213,Queensland University of Technology (QUT),42,59,8.7,44.8,,43.3,98.3,
214,Universität Hamburg,50.8,62.3,20.4,24.5,,22.3,27.5,
215,Chulalongkorn University,67.7,6.2,31.9,67.4,,3,2.6,
=216,Arizona State University,45.3,63.4,9.1,41.4,,39.2,58.4,
=216,Queen's University Belfast,30.1,40,42.5,31.7,,97.4,100,
218,Vanderbilt University,25.9,31.7,100,23.1,,35.9,14.1,
219,Universidade Estadual de Campinas (Unicamp),65.3,43.4,13,34.3,,3.5,2.6,
220,Radboud University,30.3,83.9,34.3,17.9,,22.2,44.3,
221,Vrije Universiteit Brussel (VUB),24,26.4,82.9,17.2,,62.7,90.2,
222,University of Notre Dame,28,51.1,66.5,44.8,,20.3,10.4,
223,Complutense University of Madrid,67.8,11.4,21.5,58.4,,20.8,1.3,
224,Qatar University,21.6,28.1,70.3,24.4,,94.6,100,
225,Wuhan University,39.2,75.1,15.4,46.8,,8.1,26.5,
=226,Rheinische Friedrich-Wilhelms-Universität Bonn,51.1,18,56.2,17.7,,29.3,32.6,
=226,University of Cape Town,44.1,51.2,19.9,41.7,,31.7,50.7,
=226,University of Sussex,26.2,78.7,17.3,8.6,,94.6,97,
=226,University of Virginia,36.5,42,60.9,40.9,,13.9,2.4,
230,University of Ottawa,25,86.2,4.9,38.7,,67.8,90.5,
231,Loughborough University,31.3,39.2,26,63.8,,75.8,83.1,
232,"University of California, Irvine",41.5,62.9,11.6,20.3,,74.9,51.3,
=233,Maastricht University,21.9,71.8,18.4,28.6,,100,98.8,
=233,University of Antwerp,23.1,52.3,65.1,11.7,,37,77.4,
235,University of Calgary,34.8,46.8,25.4,44.2,,56.3,79,
=236,Harbin Institute of Technology,24.1,93.3,48.2,9.6,,8.5,2.8,
=236,Universidad de los Andes,58.8,6.4,22.3,95.2,,1.6,11,
=236,University of Leicester,23.4,53,44.6,19,,91.5,80.6,
=236,Victoria University of Wellington,46.7,37.5,11,34.5,,52.4,99.8,
=240,Queen's University at Kingston,37,56.2,6.9,70.4,,33.7,63.6,
=240,USI - Università della Svizzera italiana,5.2,47.4,86.6,4.8,,100,100,
=242,American University of Beirut (AUB),27.7,16.9,62,54.2,,56.7,78.6,
=242,Saint Petersburg State University,42.8,6.7,77.3,25.2,,49.4,2,
=242,Università di Padova,55.7,55.8,9.9,30.9,,6.4,3.3,
=246,Novosibirsk State University,28.9,19.5,92.9,16.2,,57.9,2.3,
=246,University of Massachusetts Amherst,41.4,70.1,14.8,18.7,,26.6,37.6,
=248,Georgetown University,32.4,24.2,65.5,47.6,,51.5,5.6,
=248,Universitat Pompeu Fabra (Barcelona),30.8,87.2,10.8,25.8,,23.5,57.8,
250,Universiti Brunei Darussalam (UBD),20,7.6,96.8,12.3,,65.6,100,
251,University of Colorado Boulder,36.8,68.8,36.9,16.2,,9.1,7.7,
=252,National Cheng Kung University (NCKU),43.9,25.2,39.4,61.9,,24.2,7.2,
=252,Yeshiva University,2.6,86.9,93.4,4.1,,14.1,n/a,
254,Gadjah Mada University,47.8,1.5,65.4,44.4,,2.3,21.3,
=255,Indian Institute of Technology Madras (IITM),36.1,60.2,32.3,48.3,,1.6,1.2,
=255,Mahidol University,42,5.6,75.4,46,,5.4,2.3,
=255,Tel Aviv University,33.1,99.8,5,26.9,,6.4,15.1,
=258,University of Galway,26.3,12.8,69.2,30.3,,58.7,90.6,
=258,Universidad Nacional de Colombia,63.9,3.8,7.5,94.2,,1.4,2.4,
258,University of Canterbury | Te Whare Wānanga o Waitaha,39.2,41.1,9.7,41,,51.4,99.6,
260,Sun Yat-sen University,36.2,36.2,61.9,27.5,,5.9,2.2,
=261,Sciences Po,20.2,4.1,91.5,31.5,,99.2,37,
=261,Université Paris Cité,38.6,79.2,15.5,7.5,,33.3,6.6,
=264,Kyung Hee University,26.4,15.2,85.5,34.9,,51.9,4.2,
=264,Rutgers University–New Brunswick,39.2,22.4,53.5,36.8,,41.5,9.4,
=266,Charles University,45.7,11.4,49.9,35.5,,49.2,8.6,
=266,University of Navarra,28.9,17.2,56.3,65.7,,72.6,9.9,
=268,National Yang Ming Chiao Tung University (NYCU Taiwan),32.6,34.1,46.8,64.9,,12.6,7.1,
=268,The University of Arizona,41.3,22.4,61.4,23.1,,14.3,9,
=269,Technical University of Darmstadt,20.1,83.6,5.8,52.1,,70.8,40.7,
=270,Beijing Normal University,38.5,64.1,29.7,8.4,,26.7,4.2,
=270,Heriot-Watt University,15.3,64.8,23.6,30.2,,95.2,100,
=272,Dalhousie University,18.7,70.3,16.9,24.4,,81.3,100,
=272,Tomsk State University,22.6,5.9,99.8,11,,93.8,9.5,
=272,University of Surrey,22.3,55.6,19.9,28.4,,94.3,98.3,
=275,Southern University of Science and Technology (SUSTech),6.8,61,98.5,1.7,,2.1,29.7,
=275,Tufts University,19.6,50.7,73.9,8.6,,35.7,17.8,
=277,Graz University of Technology,14,19.4,98.3,8.2,,57.5,68,
=277,Indian Institute of Technology Kanpur (IITK),30.1,81.6,18.3,41.1,,1.2,1.3,
=277,King Saud University,32,23.6,58.8,13.3,,17,96.3,
280,Indian Institute of Technology Kharagpur (IIT-KGP),28,88,16.7,38.8,,1.1,1.5,
=281,Bauman Moscow State Technical University,23.9,1.3,100,48.7,,20.5,7,
=281,Universität Innsbruck,20.4,14.1,71,8.9,,99.8,100,
283,Deakin University,28.1,57.1,4.4,38,,72.4,98.7,
284,Massey University,29.9,23.7,33.6,24.4,,99.2,99.1,
=285,University of Illinois Chicago (UIC),43.5,30.4,37.8,32.1,,20,3.4,
=285,University of Tsukuba,35.2,21.4,68.5,17.1,,28.4,5.6,
287,Hong Kong Baptist University,18.5,39.5,44.3,13.8,,99.6,96.2,
=288,United Arab Emirates University,25.2,9.7,67.5,27.7,,40.1,100,
=290,Griffith University,27.8,64.2,9.4,20.1,,41.6,99.8,
=290,Moscow Institute of Physics and Technology (MIPT / Moscow Phystech),17.8,15.1,97.9,20.6,,47.1,16.6,
=290,Universitas Indonesia,44.1,1.8,39.1,51.8,,3.5,74.7,
=290,Université Paris 1 Panthéon-Sorbonne,62.8,3.1,5.3,44.5,,52.9,21.4,
=290,Xi’an Jiaotong University,23.1,80.2,25.4,41.7,,5.6,2.5,
=295,Belarusian State University,21.5,1.4,98,40.2,,43,1.4,
=295,University of Porto,38.6,61.7,14.6,27.7,,24.1,2.1,
=295,University of Turku,27.8,38.5,61.1,28.5,,5.1,11.8,
=298,Simon Fraser University,24.7,61.7,5.3,22.1,,89.8,94.2,
=298,University College Cork,27.6,21.8,44,33.5,,46.9,95.4,
=300,North Carolina State University,30.4,68.7,14.3,23.8,,16.5,51.5,
=300,University of Tartu,26,15.2,88.3,13.5,,24.9,17.5,
302,University of Strathclyde,26.6,31.7,20.4,46.3,,78.3,93.3,
=303,Institut Teknologi Bandung (ITB),41.2,2.7,57.8,44,,3.4,17.7,
=303,University of Tasmania,17.8,69.4,18.7,9.7,,98.4,68.1,
=305,Gwangju Institute of Science and Technology (GIST),13.4,100,36.4,6.1,,7.6,5.7,
=305,HSE University,27.4,1.9,94.1,28.1,,16.5,2.3,
307,University of East Anglia (UEA),19.7,75,19.5,10.9,,59.9,59.1,
308,University of Warsaw,46.5,6.2,39.6,53.9,,10,2.7,
=309,Jagiellonian University,37.6,6.1,60.8,45.8,,11.7,1.7,
=309,University of Southern Denmark (SDU),19.5,51.6,39.4,23.8,,28.2,77.8,
=311,Indiana University Bloomington,37.8,35.2,33,28.1,,12.4,26.5,
=311,University of Cologne,37.8,26.7,28.6,33.9,,33.3,46.6,
=314,National Taiwan University of Science and Technology (Taiwan Tech),25.8,31.7,56.1,28.9,,40.3,13.8,
=314,Université Grenoble Alpes,44.4,50.3,9.5,12.2,,38.8,11.5,
316,University of Milan,49.7,49.9,6.2,17.4,,7.7,2.9,
=317,IE University,7.3,2.7,76.4,48,,100,94,
=317,RUDN University,17,1.6,91.7,29.3,,93.2,3.5,
=319,National Research Nuclear University MEPhI (Moscow Engineering Physics Institute),9.4,10,99,11,,89.2,37.2,
=319,Universitat Politècnica de Catalunya · BarcelonaTech (UPC),33.1,22.9,53.5,28.8,,26.9,4.2,
321,Swinburne University of Technology,13.9,65.9,15.3,19,,85.1,98.6,
=322,University of Dundee,19.4,29.4,47,15.9,,64.6,97,
=322,Friedrich-Alexander-Universität Erlangen-Nürnberg,22.8,99.3,2.2,15.4,,26.4,10.2,
=322,Pontificia Universidad Católica Argentina,18.9,1.1,99.6,45.8,,7.4,1.2,
=322,University of Macau,10.7,70.8,18.7,6.8,,97.1,100,
=326,Aalborg University,19.9,41.3,42.4,32.6,,29.3,64.9,
=326,University of South Australia,23.1,45.6,20.6,16.7,,70.4,100,
328,L.N. Gumilyov Eurasian National University (ENU),21,1.3,98.6,27.2,,7.3,21.9,
329,Linköping University,20.1,57.8,29.8,27.9,,26.5,53.6,
=330,"City St George's, University of London (formally City)",20.4,49.6,10.2,23.4,,99.9,97,
=330,Technion - Israel Institute of Technology,26.2,51,27.4,28.4,,4.2,61.7,
=332,"Birkbeck, University of London",12.5,69.8,15.1,3.6,,98.2,98.7,
=332,Taylor's University,18.9,4.8,48.6,73.4,,94.8,36.5,
=334,Huazhong University of Science and Technology,21.2,86.6,13.2,32.6,,5,2,
=334,National Taiwan Normal University (NTNU),32.1,7.7,73.2,14.2,,28.3,4.1,
=334,Politecnico di Torino,34.7,52.4,2.6,50.4,,40.5,1.5,
=334,"Royal Holloway, University of London",17.7,52.2,20.1,10,,93.6,96.5,
=334,Tianjin University,19.6,88,27,4.6,,12.3,3.4,
=334,University of Victoria (UVic),17.3,74.9,3.3,10.2,,76.3,92.9,
=340,Goethe-University Frankfurt am Main,46.8,19,22.4,34.5,,30.5,n/a,
=340,University of Hawaiʻi at Mānoa,16.2,51.8,54.1,13.7,,17.2,40.9,
342,Northeastern University,20.7,46.7,22.7,14.9,,94.9,68.2,
343,Hiroshima University,22.5,11.9,89.9,12.5,,17.8,4.2,
=344,Universiti Teknologi Brunei,12.6,7.4,93.4,9.3,,9,99.7,
=344,Universität Jena,19.7,10.6,99.9,3.3,,25,n/a,
346,Virginia Polytechnic Institute and State University,28.5,41.1,24.6,28.9,,24.5,56,
=347,Kazan (Volga region) Federal University,19,3.8,88.4,7.6,,86.3,3.6,
=347,UCSI University,17.8,3.6,61,52.2,,76.8,42.5,
=347,"University of California, Santa Cruz",19.7,89.1,7.5,5.7,,17.8,52.6,
=347,Universität Stuttgart,24.3,66.4,5.1,36.6,,46.2,25.5,
=351,Brunel University of London,11.5,64,11.7,15.6,,97.9,99.8,
=351,Universidad Carlos III de Madrid (UC3M),30.9,6.4,54.8,47.5,,20.2,16,
=351,Ural Federal University - UrFU,21.4,2,94.6,12,,38.7,3.5,
354,Johannes Kepler University Linz,11.3,24.5,75.2,14.6,,26.6,76.9,
355,George Washington University,27.2,33.5,34.3,32,,46,20.8,
=356,Tilburg University,15.4,55.9,13.6,36.3,,50,93.3,
=356,University of Lisbon,40.3,39.2,13.3,20.2,,41.2,2.8,
=358,Nankai University,22.9,71,31.9,5.2,,5.3,5.7,
=358,National University of Sciences & Technology (NUST) Islamabad,18.1,9.1,78.1,57.7,,5.2,1.3,
=358,University of Jyväskylä,16.6,20.4,87.2,13.7,,3.4,21.9,
=358,University of Utah,16.8,46,64.9,8.7,,10.1,8.9,
=362,Ewha Womans University,23,10.4,81.1,20.1,,21.2,2.3,
=362,La Trobe University,20.7,45.5,6.4,23.8,,97.5,95.3,
=362,MGIMO University,13.3,1.3,100,21.4,,54.2,5.6,
=365,ITMO University,12.4,7.4,94.7,14.2,,57.6,13.6,
=365,Umea University,20.1,20.2,79.3,12.4,,11.2,11.6,
=365,Ulm University,8.1,38.1,82.9,4.9,,22.3,26.9,
368,Sultan Qaboos University,14.8,12.1,76.9,13.7,,3.9,100,
=369,Norwegian University of Science And Technology,32.9,27.1,26.9,25,,10.5,63.8,
=369,Universidade Federal do Rio de Janeiro,54.5,10.2,17.9,25.1,,1.8,3.1,
371,Universitat Politecnica de Valencia,25.5,13.5,72.8,12.3,,21.2,2.2,
372,Lincoln University,8.3,30.2,47.6,8.5,,99.1,99.2,
=373,Beijing Institute of Technology,21.5,61.3,33.7,15.3,,5,1.4,
=373,"University of Chemistry and Technology, Prague",6.6,13.9,99.8,8.7,,57.4,6.9,
=373,University of Connecticut,15.8,75.4,15.3,11.7,,31.1,44.9,
=373,University of Waikato,19.9,44.5,11.1,16.4,,76.5,99.2,
377,University of Oulu,16.4,60.6,31.5,20.9,,6.8,40.1,
=378,Julius-Maximilians-Universität Würzburg,16.5,95.1,4.4,6.6,,11.6,30.1,
=378,Quaid-i-Azam University,15.1,98.3,2.1,29.7,,1.4,1.3,
=378,"Stony Brook University, State University of New York",20.1,41,34.6,10.3,,70.8,31.7,
=381,Sharif University of Technology,12.1,98.1,9.8,25.1,,2.7,2.5,
=381,Tokyo Medical and Dental University (TMDU),10.8,16.9,100,5.6,,17.2,1.3,
=383,American University of Sharjah,18.9,15.2,28.4,27.2,,100,100,
=383,Beihang University (former BUAA),14.4,85.4,25.7,5.3,,5.8,2.7,
=383,University of Kent,20,40.2,21.6,8.9,,56.1,98.8,
386,Kobe University,26.8,11.7,59,33.2,,10.1,2.5,
387,University of Kansas,15.3,13.3,78.6,16.8,,11,39.5,
=388,University at Buffalo SUNY,18.8,66.2,6.9,11.8,,31.2,73.9,
=388,University of Pisa,40.5,44.1,7.8,16.5,,4.9,2,
390,Università Vita-Salute San Raffaele,3.2,34.5,99.3,1.5,,4,1.9,
=391,SOAS University of London,19.9,15.4,30.4,12.8,,100,100,
=391,Universidad de Palermo (UP),9.1,1.1,89.3,10.9,,97.1,14.1,
=393,Peter the Great St. Petersburg Polytechnic University,13.1,3.8,83.2,9.3,,88.5,5.9,
=393,Ruhr-Universität Bochum,22.5,78.7,2,10,,31.6,11.8,
=395,Indian Institute of Technology Guwahati (IITG),13.2,94.8,12,14.5,,1.3,1.4,
=395,National Research Tomsk Polytechnic University,9.6,6.2,89.1,8.1,,85.6,3.8,
=395,Pontificia Universidad Catolica del Peru (PUCP),39.9,1.7,25.6,66.1,,1.7,1.6,
398,Pakistan Institute of Engineering and Applied Sciences (PIEAS),5.4,33.2,93.1,6.9,,n/a,n/a,
399,University of the Philippines,33.9,1.9,48.3,42.1,,1.4,1.1,
=400,Indian Institute of Technology Roorkee (IITR),14.8,88.8,10.3,19.3,,2.6,1,
=400,Universidad Austral,15.4,1.7,85,38.8,,9.7,1.2,
=400,Vilnius University,20.7,3.8,80.3,21.2,,9.3,3.6,
=403,Czech Technical University in Prague,19.8,5.6,60.5,36.7,,49.5,10.3,
=403,Shandong University,14.9,73.3,20.8,26.3,,3.9,3.1,
=403,"University of California, Riverside",17.9,65.9,9.7,9.3,,10.7,81.2,
=407,Flinders University,13.1,54,5.9,8.4,,94.2,99.1,
=407,South China University of Technology,12.1,92.9,17.3,3.8,,4.3,3.4,
=407,Taipei Medical University (TMU),9.7,16.7,90.3,12,,16.7,6.4,
=407,Xiamen University,25.7,57.7,23.5,8.4,,4,2,
411,University of Münster,33.7,16,37,24.9,,7.6,13.1,
=412,National Sun Yat-sen University,25.5,35.1,34.7,20,,14.1,9.4,
=412,Pontificia Universidad Javeriana,37.5,2.2,17.1,83.6,,1.9,1.9,
=414,Chung-Ang University (CAU),15.5,9.2,73.2,27.7,,32.1,4.8,
=414,Lappeenranta-Lahti University of Technology LUT,7.3,88.1,17.1,16.9,,15.4,17.4,
=414,Tampere University,25.2,40.4,26.4,24.2,,7.6,20.1,
=414,Universiti Teknologi PETRONAS (UTP),16.4,36.9,28.5,28.8,,22.8,72.6,
=414,"University of Colorado, Denver",8.3,12.7,100,8.5,,10.6,1.5,
=414,University of Science and Technology Beijing,15,90.4,12.8,4.3,,3.5,1.5,
=414,Université Laval,20.6,31.8,31.7,19.3,,31.2,56.7,
=421,National Technical University of Athens,19.2,69.1,6.1,40.5,,7.1,1,
=421,Université de Strasbourg,42.2,27.4,5.5,7.3,,39.3,21.4,
423,Universität Mannheim,17.2,64.6,2.2,48.3,,24.1,15.6,
=424,James Cook University,15.1,65.1,9.5,11.3,,33.8,64.7,
=424,University of Naples - Federico II,32.5,57.1,5.1,14.6,,1.1,1.2,
=424,University of Witwatersrand,24.9,36.4,12.4,30.3,,9.5,76.1,
=427,Johannes Gutenberg Universität Mainz,21.8,20.3,54.5,15,,19.6,15.2,
=427,Washington State University,27,38,15.1,26.2,,7.3,49.4,
=429,Oxford Brookes University,26.6,10.3,13.9,53.1,,65.4,55.4,
=429,Wake Forest University,5.8,14,100,8.1,,14.8,2,
=431,Colorado State University,19.5,20.6,59.4,20.9,,6.6,10,
=431,Rensselaer Polytechnic Institute,9.2,69.7,26.7,7.9,,57,1.8,
=431,Universidade Nova de Lisboa,27.1,26.4,25.1,22.7,,57,8.3,
=434,Universidade Federal de São Paulo,11.9,8.2,97.4,5.5,,1.7,1.9,
=434,University of Johannesburg,14.5,16.9,40.7,18.6,,55.9,92.1,
=436,Shanghai University,24,18.3,50.5,8.9,,7.4,37.1,
=436,Tulane University,10.1,14.3,90.3,4.8,,16.5,5.3,
=436,University of Canberra,14,49.2,3.2,11.3,,85.1,99.7,
439,"Essex, University of",17.5,30.4,11.6,10.9,,98.9,100,
=440,Swansea University,15.8,25,32.3,24.5,,53.1,65.2,
=440,University of Cyprus (UCY),9,81.2,5.5,4.2,,24.3,72.7,
=440,University of Trento,24.9,54.8,16.6,10.1,,5.9,13.3,
=440,University of Tromsø The Arctic University of Norway,13.2,9.1,75.4,4,,9,63.3,
444,Illinois Institute of Technology,15.1,54.8,14.2,8,,98.7,10.3,
=445,HUFS - Hankuk (Korea) University of Foreign Studies,11.7,1.6,79,23.8,,39.5,16.1,
=445,The American University in Cairo,26.8,4.2,37.8,20.9,,3.7,92,
=447,Umm Al-Qura University,14.9,1.8,62.5,10.4,,20.1,100,
=447,Universität Leipzig,25.3,9.9,61.1,7.2,,17.9,n/a,
=447,Saarland University,11.6,9,82.5,7.7,,42.5,1.9,
450,University of Milano-Bicocca,19.5,81.2,1.5,10.7,,7.8,n/a,
=451,Auckland University of Technology (AUT),20.3,15.6,11.9,20.6,,100,100,
=451,Bond University,4.8,19.1,46.3,7.5,,99,99,
=451,Sichuan University,17.7,69.7,18.9,4.7,,6.1,3.2,
=451,University of Florence,32.5,48.2,6,7.3,,19.9,2.7,
=455,Brandeis University,10.9,28.8,52.1,4.5,,81.5,10.6,
=455,University of Coimbra,28.6,32,16.8,17.3,,48.8,3.6,
=455,University of Iowa,20.7,29.1,46.1,14.9,,9.1,7,
458,University of Saskatchewan,11.8,41,26.7,12,,52.4,67.8,
=459,Universidad Politécnica de Madrid (UPM),30.2,11.4,19.3,53.2,,35.6,1.4,
=459,University of St.Gallen (HSG),9.2,32.1,6.3,50.6,,78.5,100,
=461,Colorado School of Mines,8.2,70.5,28.4,10.5,,15.1,9.1,
=461,Far Eastern Federal University,6.8,2,90.6,3.2,,67.9,6.3,
=461,"Goldsmiths, University of London",18.4,21.3,18.3,8.7,,97.3,85,
=461,Martin-Luther-Universität Halle-Wittenberg,14.7,6,85,6.5,,11.2,n/a,
=465,Universitas Airlangga,27.4,1.2,44,49.3,,2.2,2.9,
=465,Amirkabir University of Technology,5.4,99.3,4.8,18,,2.3,6.7,
=465,Southeast University,12,63.8,33.6,5.6,,4.3,2.7,
=465,Universidad de Belgrano (UB),8,1,91,19.6,,30,2.1,
=469,National Taipei University of Technology,13.8,32.7,32.9,47.1,,25,10.4,
=469,Universidad de Montevideo (UM),14.7,1.1,80.9,19.8,,3.8,11.9,
=471,Ben-Gurion University of The Negev,14.4,55.8,13.9,15.3,,18.3,56.3,
=471,Hasselt University,4.5,19.3,76,4,,24.8,49.8,
=471,Universidad ORT Uruguay,11.3,1.2,89.5,18.4,,2,8.6,
=471,University of Stirling,11.6,44.2,17.2,12.6,,73.2,63.3,
475,Florida State University,28.3,36,9.8,38.9,,4.5,5.7,
476,"University of Missouri, Columbia",16.5,24.9,46.1,16.7,,5.6,41.7,
=477,Bar-Ilan University,9.4,81.7,7.7,7.4,,6.7,40.3,
=477,Chiba University,16.3,12,73.2,7,,6,2.2,
=477,University of Texas at Dallas,15.5,66.7,4.8,17.8,,46.1,2.6,
=480,Chang Gung University,4.7,44.1,65.6,4.3,,6.2,1.5,
=480,Université de Liège,19,34.1,19,20.6,,52.8,33.6,
=482,Auezov South Kazakhstan University (SKU),9.6,1,90.8,9.9,,20.7,5.5,
=482,Stellenbosch University,24.5,51.7,3.6,27.4,,9.7,8.9,
=482,The Catholic University of Korea,4.8,12.2,97.9,2.5,,4.3,1.2,
=485,Aston University,12.5,38.5,12,28.8,,31.4,97.4,
=485,University of Turin,34.2,42.9,3.5,7.9,,10.8,2.3,
=487,The National University of Science and Technology MISIS,8.5,11.3,70.6,11.3,,63.3,4.6,
=487,Universidad de Santiago de Chile (USACH),37.6,4.8,8.8,63.1,,2.5,2.3,
=487,Yokohama City University,4.6,10.1,99.8,2.9,,2.4,1.5,
=490,Dublin City University,18.7,13.8,30.7,30.1,,25.8,70.7,
=490,Justus-Liebig-University Giessen,12,87.2,1.5,8.3,,11.6,5.2,
=492,UNESP,33.7,15.5,25.3,21.9,,4,1.9,
=492,University of Granada,40,23.3,7.3,9.7,,18.4,1.5,
=494,Western Sydney University,17.7,30,5.7,22.5,,50.8,100,
=494,Boston College,22.3,29.1,29.8,21.6,,18.1,4.9,
=494,Christian-Albrechts-University zu Kiel,19.2,22.9,51.2,9.2,,10.8,n/a,
=494,Dongguk University,9.4,7.4,82.8,9.4,,21.2,3.6,
=494,Iowa State University,19.3,60.4,10.1,14.3,,12.4,2.5,
=494,Sogang University,18.2,9.1,47.2,38.4,,30.2,2.8,
=494,"University of Rome ""Tor Vergata""",30.7,37.7,6,14.6,,28.9,2.1,
=494,York University,22.4,22.2,8.1,36.4,,81.9,24.2,
501-510,Aix-Marseille University,36.6,26.2,9.9,3.8,,23,7.9,
501-510,Jilin University,13.8,26.1,44.6,34.9,,2.5,4.7,
501-510,Satbayev University,15.2,1.4,75.6,21.4,,1.9,2.4,
501-510,Universidad de La Habana,18.1,1.8,64.9,26.8,,4.9,1.2,
501-510,University of Bordeaux,32.4,15,26.6,5.5,,23.6,18.6,
501-510,University of Delhi,35.3,24.8,5.5,32.3,,1.8,1.1,
501-510,University of Klagenfurt,4.5,12.7,52.9,3,,78.4,92.9,
501-510,University of Limerick,17.2,25.3,15.7,29.3,,26.4,89.7,
501-510,Universität Konstanz,22.4,18.1,32,5.8,,17.2,61.4,
501-510,Warsaw University of Technology,26,5.9,31,53,,11.3,1.2,
511-520,IPB University (aka Bogor Agricultural University),18.9,1.6,55.1,21,,3.3,43.3,
511-520,Koç University,18.5,19.7,39.5,27.5,,6.5,17.2,
511-520,Missouri University of Science and Technology,3.4,79.3,7.7,4.7,,11.2,73.1,
511-520,Singapore Management University,11.6,27.4,15.1,18.7,,67.2,100,
511-520,Universidad de Alcalá (Madrid),9.8,4.7,66.8,10.2,,72.5,6.3,
511-520,Universiti Utara Malaysia (UUM),17.4,5.5,43.5,22.8,,73.6,6.6,
511-520,University of Balamand,4.6,1.8,91.1,12.1,,23.3,5.4,
511-520,V. N. Karazin Kharkiv National University,11.9,1.6,66.7,14.5,,64.1,1.1,
511-520,Wayne State University,9.8,16.3,74.5,5.4,,7.3,5.2,
521-530,Central South University,7.3,90.1,6.3,2.1,,3.2,2.5,
521-530,China University of Geosciences,4.1,42.4,61.4,1.3,,3.4,1.1,
521-530,Concordia University,14.5,27.7,3.5,26.1,,92.6,72.2,
521-530,Imam Abdulrahman Bin Faisal University (IAU),4.5,1.8,77.2,3.6,,3.1,95.7,
521-530,National Central University,20.5,27.7,30.5,19.3,,14.9,5,
521-530,"Universidad Central ""Marta Abreu"" de Las Villas",6.1,1.2,99.9,1.3,,1.9,1,
521-530,University of Bayreuth,10,34.3,38.7,15.6,,21.4,31.8,
521-530,University of Eastern Finland,14.9,30.8,42.5,11.4,,6.3,13.3,
521-530,University of Tehran,22.3,52.8,3.9,22.7,,2.1,1.2,
521-530,Université de Montpellier,20.2,49.3,9.9,9.6,,31.6,8.1,
531-540,Ajou University,11.4,15.9,64.1,10.5,,16.2,2.1,
531-540,East China Normal University,14.6,34.7,30,3.6,,24.7,45.5,
531-540,Hitotsubashi University,16.5,2.7,28.7,78.2,,22.8,9.2,
531-540,Institut National des Sciences Appliquées de Lyon (INSA),8.9,16.5,39.6,28,,81.2,15.3,
531-540,Lehigh University,6,44.9,35.8,6.6,,43,15.1,
531-540,Nagasaki University,6.5,8.3,86.2,2.3,,5.4,2.3,
531-540,National Research Saratov State University,4.4,1.9,95,1.9,,17.4,1.4,
531-540,Oregon State University,17.5,38.1,28,8,,18.2,7.3,
531-540,Saint Joseph University of Beirut (USJ),9.7,2.6,49,30.5,,19.2,86,
531-540,Southern Federal University,8.1,1.9,81.4,3.4,,35,1.3,
531-540,Universidad de Costa Rica,28.2,1.8,31.4,45.9,,n/a,n/a,
531-540,Universidad de Zaragoza,21.8,11.8,49.7,4.9,,10.2,1.2,
531-540,University of Delaware,10.5,66.6,9.2,10.8,,17,21.8,
541-550,Aberystwyth University,9.8,35.7,24.3,7.5,,60,44.7,
541-550,Iran University of Science and Technology,6.4,87.5,2.7,12.6,,1.5,n/a,
541-550,Kyungpook National University,13.5,15.1,55.7,17.3,,10.7,2.4,
541-550,Niigata University,4.7,6.3,91.2,2.8,,3.9,1.8,
541-550,Northwestern Polytechnical University,4.9,40.1,55.8,2.1,,5,8.1,
541-550,Sabanci University,15.6,18,39.4,20,,16,30.6,
541-550,The University of Georgia,22.1,36,13,28.8,,5.7,2.3,
541-550,"The University of Tennessee, Knoxville",10.9,58.4,15.2,25.3,,3.2,1.9,
541-550,University of Ulsan,5.8,30.6,64.4,2.7,,4.7,1.4,
551-560,Abai Kazakh National Pedagogical University (Abai University),15.4,1.1,66.2,12,,2.7,16.1,
551-560,Aristotle University of Thessaloniki,26.6,35.6,3,25.5,,14.9,1,
551-560,Kazakh National Agrarian Research University (KazNARU),12.5,1,68.6,10.4,,20.5,14.4,
551-560,Masaryk University,23.5,15.4,12.1,25.2,,70.4,15.2,
551-560,Middle East Technical University,25.4,24.1,7.8,42.3,,13.1,4.2,
551-560,Universidad Panamericana (UP),7.6,1.2,74.3,31.1,,1.6,4.9,
551-560,Universidad de Sevilla,35.2,9.4,17.9,10,,20,1.5,
551-560,University of Szeged,17.7,5.1,45.5,13.9,,59.4,4.4,
551-560,Università Cattolica del Sacro Cuore,22,6.5,39.7,31.3,,9,2,
551-560,Université Paul Sabatier Toulouse III,20.4,11.9,45.7,4.4,,27,2,
561-570,Altai State University,5.9,1.4,80.2,5.4,,38.2,1.8,
561-570,Hallym University,2.6,8,91.7,1.6,,6.1,1.6,
561-570,Inha University,7.3,12.1,69.9,12.8,,11.8,2.1,
561-570,Jawaharlal Nehru University,28.8,23.3,20.4,10.5,,3,n/a,
561-570,Technische Universität Braunschweig,10,9.1,62.2,16.5,,29.7,n/a,
561-570,"The New School, New York City & Paris",13.8,3.8,48.7,6.4,,94.9,1.9,
561-570,Università degli Studi di Pavia,20.6,51.6,6.6,6.8,,13.6,2.2,
561-570,Université de Fribourg,10.8,39,5.7,6.8,,48.9,100,
571-580,Cairo University,38.6,2.7,10.7,26,,6,1.2,
571-580,Dalian University of Technology,8.6,69.2,14.6,2.6,,2.9,3.6,
571-580,East China University of Science and Technology,7.3,71.4,17.2,2.7,,2.3,1.2,
571-580,Holy Spirit University of Kaslik,4.7,1.6,53.5,10.5,,39.2,99.3,
571-580,Hunan University,7,75.3,11.5,6.7,,3.4,2,
571-580,Ivane Javakhishvili Tbilisi State University,6.8,1.2,85.4,5.3,,3.4,1.2,
571-580,Jeonbuk National University,12.5,13.2,58.6,9.7,,8.4,3.1,
571-580,Osaka City University,9.4,8.9,73.2,6.7,,4.2,1.9,
571-580,Universitat de Valencia,30.1,24.8,11.4,8.9,,11.1,1.2,
571-580,University of Minho,14.8,15.2,47.5,7.9,,24.5,10,
571-580,University of Nebraska - Lincoln,10.8,38.2,22.7,6.1,,20.4,57.5,
571-580,Universität Bremen,20.2,27.6,21.5,6.9,,22.7,28.1,
581-590,Lebanese American University,9.7,4.2,29.5,27.5,,48.2,95.7,
581-590,"Lingnan University, Hong Kong",7.6,14.9,23.4,8.4,,78.5,100,
581-590,Murdoch University,7.9,41,5.5,9.2,,68.3,77.2,
581-590,Okayama University,8,11,71.5,3.7,,7.2,1.9,
581-590,Samara National Research University (Samara University),4.2,2.7,84.9,3.8,,21.1,1.6,
581-590,Universidad Nacional de La Plata (UNLP),32.9,2.1,19.2,22.2,,16.2,1.7,
581-590,University of Guelph,13.8,40.8,6.5,31.1,,15.7,32.9,
581-590,University of South Florida,13.2,46.5,9.2,14.8,,23.9,29.7,
591-600,Applied Science University - Bahrain,11.1,1.3,33.4,18.8,,41.7,100,
591-600,Bilkent University,19.7,16.9,17.2,25.5,,10.8,46.1,
591-600,Indian Institute of Technology Hyderabad (IITH),3.7,65.8,24.9,2.2,,1.5,1.1,
591-600,Kumamoto University,7.4,10.8,71.6,2.6,,3.8,1.9,
591-600,National Chengchi University,19.4,3.1,31.4,30.2,,46.6,5.9,
591-600,Savitribai Phule Pune University,8.5,22,57.8,5.8,,3.2,1,
591-600,"Sofia University ""St. Kliment Ohridski""",14,2,60.6,15,,11,1.2,
591-600,Universidad Externado de Colombia,11.4,1.1,48.3,53.8,,1.7,3.4,
591-600,University of Debrecen,17.4,4.1,34.4,11.6,,79,5.3,
591-600,University of Electronic Science and Technology of China,4.2,79.3,10.2,2.4,,3.1,1.5,
591-600,University of Ljubljana,20,8.3,45.3,7.6,,8.8,1.5,
591-600,Universität Regensburg,11.2,9.2,64.5,6.8,,10.9,n/a,
591-600,Université du Québec,21.1,36.6,2.4,19.8,,25.3,12.9,
601-650,Abo Akademi University,8.9,30.2,33.2,7.8,,15,27.6,
601-650,American University in Dubai,7.6,2.2,17.7,15.5,,100,100,
601-650,Ateneo de Manila University,18,1.7,35.9,39.7,,3.6,1.6,
601-650,Bangor University,8.6,31.1,17.5,6.2,,70.5,41.8,
601-650,Canadian University Dubai,7.2,1.8,26.6,13.7,,100,100,
601-650,Carleton University,9.5,47.2,2.9,18.3,,53,20.3,
601-650,Central Queensland University (CQUniversity Australia),6.6,10,20.3,12.1,,98.2,95.7,
601-650,Chiang Mai University,31,4,14.9,29.5,,4.1,1.6,
601-650,China Agricultural University,8,55.2,23.4,1.8,,1.7,1.5,
601-650,Clark University,3.6,42.1,27.5,2.2,,70.8,4.6,
601-650,Coventry University,9.8,6.2,14.6,32.2,,99.8,70.2,
601-650,Gifu University,4.1,8.1,78.7,2.2,,4.2,1.7,
601-650,Kanazawa University,8.2,12.2,63.3,3.3,,6.2,3.4,
601-650,"Kingston University, London",15.6,9.3,8.3,14.1,,98.7,63.3,
601-650,Konkuk University,7.3,11.5,58.1,11.3,,12.6,2.1,
601-650,Leibniz University Hannover,21.1,10.3,13.4,29.9,,38.9,16,
601-650,Management and Science University,10.6,1.3,40,20.4,,41.1,43.5,
601-650,Nanjing University of Science and Technology,3.9,65.3,18.9,2.3,,n/a,n/a,
601-650,Palacký University Olomouc,15.4,9,37.8,12.5,,19.5,17.3,
601-650,Pavol Jozef Šafárik University in Košice,4.6,4.1,64.3,2.3,,64.3,1.2,
601-650,Pusan National University,19.1,20.4,29,15.9,,7.6,2.7,
601-650,Renmin (People's) University of China,22.9,8.2,20.4,43.1,,6.3,2.5,
601-650,Asfendiyarov Kazakh National Medical University,6.3,1,64.3,5,,49.6,2.4,
601-650,Sejong University,11.3,37.6,17.7,18.1,,21.6,11.8,
601-650,Shenzhen University,7.1,14.2,67.6,2.3,,1.7,4.9,
601-650,Smith College,3.6,6.9,73.7,2.2,,23.2,2.1,
601-650,Soochow University,5.9,64.2,18.2,2.5,,3.1,2.4,
601-650,Taras Shevchenko National University of Kyiv,18.1,2.7,40.3,29.4,,7.3,1.1,
601-650,Thammasat University,23.2,2.2,27.7,40.7,,1.9,3.7,
601-650,Tokyo University of Agriculture and Technology,12.2,52.9,14.1,6.1,,6.7,1.9,
601-650,Universidad Anáhuac México,10.2,1.1,56.3,35.6,,3.5,2.2,
601-650,Universidad Nacional del Centro de la Provincia de Buenos Aires (UNICEN),5.3,1.5,83,2.4,,n/a,n/a,
601-650,Comillas Pontifical University,8.6,2.7,42,57.5,,5.9,6.6,
601-650,Universidad de Concepción,25.4,6.7,16.4,43.8,,2.4,4.6,
601-650,Universitat Ramon Llull,11.3,8.4,8.1,46.3,,37.3,94.9,
601-650,Universite Paris-Pantheon-Assas,6.6,1.2,77.3,7.4,,7.8,n/a,
601-650,University of Aveiro,12.1,45.7,24.4,6.1,,2.4,n/a,
601-650,University of Cincinnati,13.1,29.4,29.1,12.9,,12.4,2.3,
601-650,University of Genoa,15.8,47.7,9.8,4.7,,15.7,1.6,
601-650,University of Hohenheim,9.4,56.1,6.8,5,,26.8,9.3,
601-650,University of Jordan,24.4,3.6,15.7,33,,35.1,8.1,
601-650,University of Manitoba,13.9,12.3,41.3,17.8,,31.6,n/a,
601-650,University of Plymouth,9.4,43.2,12.4,12.1,,33.9,28.4,
601-650,University of Pretoria,22.4,23.2,3,38.1,,7.4,28.8,
601-650,University of Sharjah,13.9,5.8,6.7,11,,100,100,
601-650,University of Siena,11.7,55.6,10.4,3.2,,21.8,1.4,
601-650,University of South Carolina,16.4,31.2,12,18.8,,5,25.3,
601-650,Victoria University,8.1,46.9,2.1,8.2,,89.7,29,
651-700,American University,15.9,5.2,34.6,28.9,,18.2,1.4,
651-700,Chongqing University,6.9,61.6,14.6,3.1,,2.4,1.5,
651-700,William & Mary,9,21.6,37,13.5,,11.7,3.3,
651-700,Comenius University Bratislava,12.9,4,49.3,3.1,,26.5,1.3,
651-700,Drexel University,9.2,30.9,32.1,7.3,,22.2,4.4,
651-700,Edith Cowan University,8.4,23.1,8,11.3,,87.9,58.7,
651-700,Eötvös Loránd University,24,5.8,21.8,17.4,,25.2,2,
651-700,Free University of Bozen-Bolzano,4,37.3,11.7,2,,30.1,87.3,
651-700,Howard University,6,4.4,66.5,11,,6.8,1,
651-700,Immanuel Kant Baltic Federal University,5.3,1.7,67.8,2,,27.2,5,
651-700,International Islamic University Malaysia (IIUM),21,3.2,16.8,18,,64.9,11.6,
651-700,Jadavpur University,13.3,47.2,14.1,4.8,,1.4,n/a,
651-700,Kagoshima University,4.8,5.1,71.1,2.9,,3.5,1.6,
651-700,Karl-Franzens-Universitaet Graz,20.8,14.6,14.7,10,,32.3,33.2,
651-700,King Khalid University,8.4,1.7,44.7,3.1,,3.4,100,
651-700,Lahore University of Management Sciences (LUMS),13.7,5.6,29.1,57.5,,1.8,3.3,
651-700,Lobachevsky University,8.8,2.4,62.1,4.4,,17.2,1.3,
651-700,Macau University of Science and Technology,3.8,24,4.9,2.9,,100,100,
651-700,Michigan Technological University,5.8,40.3,27.9,7.2,,16.8,4.6,
651-700,National Chung Hsing University,16.6,16.9,25.6,16.2,,9.5,2.8,
651-700,"National Technical University ""Kharkiv Polytechnic Institute""",6,1.3,68.3,10.3,,17.9,1.1,
651-700,National and Kapodistrian University of Athens,23.2,23.5,2.4,29,,13.6,1.9,
651-700,Pontifícia Universidade Católica do Rio de Janeiro,28.8,11,10.4,16.1,,2,4.9,
651-700,Sechenov University,5.3,1.7,66,3.9,,45,3.3,
651-700,Sunway University,7,3.9,41.8,33.4,,31.2,20.2,
651-700,Syracuse University,14.1,22.3,16.1,17.5,,45,1.9,
651-700,Tokushima University,5.2,9,71,1.6,,2.9,1.4,
651-700,Ulster University,9.2,14.7,20.9,13.2,,22.2,99.9,
651-700,Universidad ICESI,4.9,1.6,66.9,16.1,,2.3,2,
651-700,Universidad Peruana Cayetano Heredia (UPCH),9.7,3,60.6,12.6,,3.1,1.1,
651-700,Universidad Pontificia Bolivariana,8.5,1.8,57.7,26.6,,3.7,1.9,
651-700,Universidad de Antioquia,27.4,4.6,4.8,52.5,,1.3,1.6,
651-700,Universidade Federal de Minas Gerais (UFMG),30.1,9,14.4,9.6,,2.2,3,
651-700,Universiti Teknologi MARA - UiTM,25.2,3,13.7,46.5,,1.6,1.2,
651-700,University of Crete,14.8,50.1,4.6,12.2,,4.7,1.1,
651-700,University of Hull,7.7,29.5,21,6.1,,46.5,44.7,
651-700,University of Hyderabad,11.4,46.1,19.3,3.9,,2.3,1.2,
651-700,University of Kentucky,11.5,32.6,24.3,16.6,,5.1,6.8,
651-700,University of Massachusetts Boston,13.5,37,13,9,,20.8,1.7,
651-700,University of Mons,5.3,51.2,4.4,14.6,,38.9,18,
651-700,University of New Brunswick,4.5,21.3,30.4,11.4,,35.4,54.6,
651-700,University of New Mexico,14.3,26.1,28.2,7.6,,4.9,2.4,
651-700,University of Oklahoma,9.5,38.4,20.7,15,,6.8,11.2,
651-700,University of Oregon,17,27,18.2,12.5,,10.8,2.7,
651-700,University of Pecs,12.6,2.9,37,10.5,,69.2,1.6,
651-700,University of Portsmouth,8.1,19.8,10.2,16.5,,74.2,71.4,
651-700,University of Salamanca,25.7,8.5,18.9,10.6,,32.9,1.9,
651-700,University of Trieste,11.7,55.8,5.4,4,,10.2,2.2,
651-700,University of Vermont,3.4,17.1,63.6,4,,4.7,1.6,
651-700,Universität Rostock,6.8,8,64.3,2.4,,16.7,n/a,
651-700,Université Claude Bernard Lyon 1,18.5,33.5,9.8,4.1,,15.4,2.8,
651-700,Zayed University,10.1,4.1,32.1,10.1,,2.4,100,
701-750,Abu Dhabi University,7.1,6.3,8.8,8,,100,100,
701-750,Ajman University,8.5,1.5,6.7,17.6,,100,100,
701-750,Al Ain University,10.2,2.1,10.3,7.4,,100,100,
701-750,Beijing University of Technology,7.6,21.4,45.6,5.4,,3.6,2.3,
701-750,Bogaziçi Üniversitesi,20.5,20.4,4.6,36.9,,3,4.1,
701-750,Brno University of Technology,12,5.1,22.2,31.6,,70.3,4,
701-750,Charles Darwin University,5.3,29.1,6.2,4.5,,88.2,43,
701-750,City University of New York,27.2,4.8,11.2,28.8,,5.7,2.4,
701-750,Gunma University,2.8,6.7,70.7,1.8,,4,1.4,
701-750,Indian Institute of Technology Bhubaneswar,3,54.4,20.6,3.3,,1,1.2,
701-750,Instituto Tecnológico de Buenos Aires (ITBA),7.8,1.7,43.2,27,,13.9,14.8,
701-750,Istanbul Technical University,19.7,11.2,9.1,39,,14.3,1.6,
701-750,Jouf University,3,1.5,45.9,2.7,,2.9,100,
701-750,Lebanese University,15.7,2,13.8,43.9,,36.1,29.2,
701-750,Middlesex University,5.4,15.4,8.5,6,,96.2,83.6,
701-750,"National Technical University of Ukraine ""Igor Sikorsky Kyiv Polytechnic Institute""",12.9,1.4,39.7,25.6,,3,1,
701-750,New Jersey Institute of Technology (NJIT),4.5,25.5,15.1,8.7,,74.2,47.1,
701-750,Northumbria University at Newcastle,10.2,16.5,12.7,22.9,,61.1,34.6,
701-750,Notre Dame University-Louaize NDU,5.3,3.2,29.7,16.2,,32.4,86.7,
701-750,O.P. Jindal Global University (JGU),6.9,1.3,59.3,15.9,,1.2,8.1,
701-750,Osaka Prefecture University,5.2,12.2,54.2,7.6,,4.1,1.7,
701-750,Philipps-Universität Marburg,15,36.2,8.9,4.2,,26,6.1,
701-750,Plekhanov Russian University of Economics,8.8,2.2,50.4,13,,22.6,3.4,
701-750,Politecnico di Bari,5.1,59.1,8.4,4.7,,9.3,1.9,
701-750,Prince Mohammad Bin Fahd university,8.5,9.6,17.8,13.1,,21.3,100,
701-750,Saint Petersburg Electrotechnical University ETU-LETI,4.5,1.7,57.3,3.6,,52.7,1.8,
701-750,Stevens Institute of Technology,2.9,37.8,6.3,3.8,,90.1,26,
701-750,Sumy State University,4.7,2,53.1,4.1,,54.6,1.2,
701-750,Tokyo Metropolitan University,11.9,23,31.5,5.5,,7.1,2,
701-750,Ufa State Aviation Technical University (USATU),3.2,1.4,76.6,1.9,,2,1,
701-750,Universidad Central de Venezuela,19.3,1.2,19.1,47.9,,n/a,n/a,
701-750,Universidad Iberoamericana Ciudad de México - IBERO,16.2,1.3,27.2,44.3,,3,1.9,
701-750,Universidad de La Sabana,15.1,1.8,23.2,53.2,,2.6,2.2,
701-750,Universidad de San Andrés - UdeSA,5.7,2,53.6,26.6,,5.2,2.8,
701-750,Universidade de Santiago de Compostela,21.8,21.2,14.3,7.9,,6.1,1.1,
701-750,Universitat Rovira i Virgili,6.5,41.7,21.6,2.5,,25.2,2.5,
701-750,University of Bradford,9.1,22.5,9.9,8.1,,78.5,27.8,
701-750,University of Haifa,13.7,11.7,38.2,9.8,,6.4,10.2,
701-750,University of Houston,14.9,40.4,4.8,16.5,,10.8,2.3,
701-750,University of Huddersfield,9.2,20.8,7.8,13.6,,73.6,50.7,
701-750,University of Modena and Reggio Emilia,8.7,61.5,2.3,3.8,,5.4,1.1,
701-750,University of Southern Queensland,8.2,34.6,4.7,9.9,,41.9,62.7,
701-750,University of Westminster,10.1,10.8,6.1,8.7,,100,73.6,
701-750,University of Windsor,2.9,61.8,1.6,6.6,,43.1,n/a,
701-750,University of the Basque Country,17.5,8.2,33.3,5.6,,6.1,1.3,
701-750,Universität Potsdam,14.8,25.2,13,2.2,,29.1,36,
701-750,Université Côte d'Azur,16.4,30.7,4.7,2.9,,44.7,22.8,
701-750,Université de Sousse,3.1,1.5,76.3,1,,2.1,1.1,
701-750,Virginia Commonwealth University,7.1,16.3,47.6,9.4,,4,4.3,
751-800,American University of the Middle East,9.7,2.6,16.1,14.6,,23.8,100,
751-800,Belarusian National Technical University (BNTU),9.2,1.1,37,28.1,,14.2,1.2,
751-800,Bournemouth University,5.3,24,6.4,11.5,,52,69.7,
751-800,Chonnam National University,9.2,15.8,40.1,4.5,,9.8,2.4,
751-800,Chungnam National University,10.3,11.3,37.8,9.3,,10.5,2.6,
751-800,Clarkson University,1,44.7,18.2,3.7,,12.8,23.2,
751-800,Dankook University,3.4,3.7,64.8,3.4,,5,1.8,
751-800,Georgia State University,13.1,35.2,5.1,20.9,,6.6,1.8,
751-800,Institut Teknologi Sepuluh Nopember (ITS Surabaya),11.2,2.1,26.1,22.4,,4.5,45.7,
751-800,Instituto Politécnico Nacional (IPN),20.1,3,10.6,50.4,,1.2,1.3,
751-800,Instituto Tecnológico Autónomo de México (ITAM),13.8,1.8,15.4,47.9,,1.7,35,
751-800,Jamia Millia Islamia,6.2,12.2,48.7,3.5,,3.3,1.4,
751-800,Jinan University (China),4.1,26.5,10.1,2.1,,85.6,34.4,
751-800,Abylkas Saginov Karaganda Technical University,5.1,1,64.5,4.5,,8.6,1.2,
751-800,Keele University,6.2,28,19.9,3.3,,31.3,37.1,
751-800,Lanzhou University,7.4,37.8,22.8,1.7,,1.7,1.3,
751-800,"Manipal Academy of Higher Education, Manipal, Karnataka, India",7.9,3.2,52.8,8.2,,5.7,1.1,
751-800,Maynooth University,10.1,14.6,11.2,9.7,,21.4,82.8,
751-800,Memorial University of Newfoundland,5.8,28.6,13.8,8.3,,55.5,13.2,
751-800,Northwest University (China),3.6,14,52.6,1.3,,3.4,1.6,
751-800,Pontificia Universidad Católica de Valparaíso,22.6,7.2,6.1,28.7,,1.6,4.4,
751-800,Princess Nourah bint Abdulrahman University,12,1.3,16.6,16.3,,24.5,73.5,
751-800,Riga Technical University,12.1,3.2,23.7,22.1,,49.9,5.6,
751-800,Ritsumeikan University,12.9,3.7,9.5,59.1,,9.7,12.7,
751-800,Shiraz University,7,56.7,6.3,5.5,,1.6,n/a,
751-800,Southern Cross University,3.8,27.2,4.6,4,,83.8,67,
751-800,Tallinn University of Technology (TalTech),12.7,12.6,22.6,15,,30.1,19.1,
751-800,Temple University,13.7,21.5,24.2,9.5,,7.3,1.6,
751-800,Universidad Adolfo Ibáñez,14.9,5.3,3.6,65.7,,4.9,17.6,
751-800,Universidad San Francisco de Quito USFQ,10.8,2,30.1,16.1,,2.1,50.8,
751-800,Universidad Torcuato Di Tella,11.4,4.8,19.9,32.3,,46.1,17.6,
751-800,Universidad de la República (Udelar),20.4,1.6,21.1,19.3,,3,2.3,
751-800,Universidad del Rosario,12.6,2.7,21.5,50.5,,1.6,4.1,
751-800,Universidade Federal do Rio Grande Do Sul,27.8,12.5,8.7,5,,1.8,1.2,
751-800,Universiti Tenaga Nasional (UNITEN),7.3,9.6,40.3,14.8,,26.6,4,
751-800,University Duesseldorf,12.9,8.5,34.4,7.6,,17.8,n/a,
751-800,University at Albany SUNY,8.8,45.9,6.9,8.4,,10,2.1,
751-800,University of Brescia,3.9,59.8,6,2.2,,13.9,1.5,
751-800,University of Central Florida,15.3,26.5,3.5,24.9,,5.1,5.9,
751-800,University of Denver,5.6,16.8,43.3,8.8,,6.8,1.4,
751-800,University of Greenwich,4.5,11.2,7.1,6,,99.1,86.5,
751-800,"University of Maryland, Baltimore County",11.4,27.6,14.2,7.3,,13.1,15.4,
751-800,University of Zagreb,15.8,4.3,35,7,,1.7,1.1,
751-800,Università degli Studi di Perugia,8,53.7,4.1,2.2,,6.8,2.4,
751-800,Université de Sherbrooke,5.9,19.4,23.3,15.4,,9.9,44.4,
751-800,Vilnius Gediminas Technical University (VILNIUS TECH),10.6,7.7,32.8,16.8,,27.6,3,
751-800,Worcester Polytechnic Institute,3.8,35.3,17.9,7,,33.2,9.6,
801-1000,AGH University of Krakow,9,8.6,30.7,11,,2.4,1.2,
801-1000,Karaganda Buketov University,9.6,1.3,30.8,11,,6.3,2.8,
801-1000,"Adam Mickiewicz University, Poznań",16.3,5.8,25,5.6,,3.6,2.3,
801-1000,"Ain Shams University in Cairo (ASU, Cairo)",18.9,1.9,8.7,15,,3.8,11.4,
801-1000,Ankara Üniversitesi,15.4,2.6,13.2,8.3,,7,1.3,
801-1000,Anna University,6.8,30.9,5.2,10.6,,1.8,n/a,
801-1000,Auburn University,7.2,22.6,7.8,11.4,,11.2,2,
801-1000,Australian Catholic University,7.5,15.9,5.1,12.2,,51.6,63.1,
801-1000,Bangladesh University of Engineering and Technology,13.1,7.8,19.6,22.5,,1.1,n/a,
801-1000,Beijing Foreign Studies University,5.9,1.4,31.6,2.5,,31.9,9.6,
801-1000,Beijing Jiaotong University,10.6,25.5,18.9,4.9,,12.5,1.9,
801-1000,Beijing University of Chinese Medicine,4,5.8,40.4,1.7,,10.4,n/a,
801-1000,Beijing University of Posts and Telecommunications,3.3,33.3,12,2.1,,2,1.9,
801-1000,Beirut Arab University,7.4,2.1,12.1,17.2,,39,61,
801-1000,Bielefeld University,14.2,10.6,10,3,,9.1,9.7,
801-1000,Binghamton University SUNY,7.4,22.9,6.2,8.6,,17.4,2.6,
801-1000,Budapest University of Technology and Economics,13.6,10.2,17.1,24,,17.6,1.2,
801-1000,CY Cergy Paris University,3.2,10.5,34.3,2.3,,55.6,24.4,
801-1000,Ca' Foscari University of Venice,18,12.9,4.3,18.1,,10,17.2,
801-1000,Catania University,11.8,31.9,5.2,3.6,,1.5,1.3,
801-1000,Charles Sturt University,4.3,11.3,4.3,8.5,,96.3,10.2,
801-1000,Clemson University,8.6,26.5,12.8,19.3,,6.9,1.3,
801-1000,Corvinus University of Budapest,11,4,4.4,20.1,,45.8,2.5,
801-1000,Cracow University of Technology (Politechnika Krakowska),10.5,4.2,23.9,18.3,,2.4,1.2,
801-1000,Czech University of Life Sciences in Prague,9.8,8.7,10.4,6.9,,55.5,13.1,
801-1000,De La Salle University,18.5,3.7,12.5,29.3,,3.1,1.2,
801-1000,De Montfort University,5.1,7.9,5.6,5.5,,95.3,58.2,
801-1000,Edinburgh Napier University,4.7,8.2,6.2,4.6,,89,44.7,
801-1000,Financial University under the Government of the Russian Federation,4,1.6,42.2,6.3,,7.3,1.1,
801-1000,Florida International University,14.4,15.2,10.5,22.4,,15.4,9.4,
801-1000,Fordham University,6.7,7.5,20.1,10.9,,25.8,3.4,
801-1000,Gdańsk University of Technology,7.9,10.3,34.9,11,,4.2,1.2,
801-1000,George Mason University,9.2,16.3,11.2,8,,13.1,2.8,
801-1000,German Jordanian University,5.7,3.4,21.6,8.4,,20.2,42.6,
801-1000,Gulf University for Science and Technology,5.7,3.8,7.2,6.3,,26.3,100,
801-1000,Hacettepe University,15.6,6.8,8.1,13.5,,2.8,1.3,
801-1000,Harbin Engineering University,3.4,29.7,26.4,1.7,,2.9,1.8,
801-1000,Indiana University–Purdue University Indianapolis,8.3,16.8,26.3,7.7,,5.1,14.4,
801-1000,International Christian University,4.1,2,16.2,11.4,,15,71.8,
801-1000,Islamic University of Madinah,3.6,1.3,8.6,3.6,,100,97.8,
801-1000,Istanbul University,22.8,6.4,1.9,13.5,,10.3,2.6,
801-1000,Jordan University of Science & Technology,15.9,3.4,20.3,21.5,,24,5.5,
801-1000,Kansas State University,10.3,20.2,16.5,12,,10.3,28.9,
801-1000,Kasetsart University,23.6,2.5,6.6,26.8,,1.6,2.6,
801-1000,Kaunas University of Technology,11.3,5.4,32.8,16.3,,11.2,1.4,
801-1000,Kazakh Ablai Khan University of International Relations and World Languages,5.5,1,38.8,5.1,,4.6,2.1,
801-1000,Kazakh-British Technical University,10.3,1.3,30.9,16.2,,2.7,8.3,
801-1000,Kazan National Research Technological University,3.1,1.7,34.2,3.3,,43.7,1.1,
801-1000,Khon Kaen University,15.6,4.3,8.6,17.7,,3.8,2.9,
801-1000,King Faisal University,12.5,2,10,5.4,,2.3,99.7,
801-1000,King Mongkut's University of Technology Thonburi,13.1,6.9,15,13,,2.5,2.8,
801-1000,Kyoto Institute of Technology,6.4,14.7,20.8,4.2,,12.8,2.5,
801-1000,Kyushu Institute of Technology,4.7,26,13.4,4.5,,5.6,3.8,
801-1000,Liverpool John Moores University,10.2,16.9,11.2,7,,33.8,34.7,
801-1000,Lodz University of Technology,5.4,8.2,37.9,4.1,,4,1.3,
801-1000,London Metropolitan University,5.9,4.9,7.3,4.8,,99.5,44.5,
801-1000,London South Bank University,3.3,6.7,12.7,3.2,,93.9,66.9,
801-1000,Louisiana State University,9.9,32,6.2,12.6,,4.6,4,
801-1000,Loyola University Chicago,8.2,10.9,23.8,19.1,,4.9,1.6,
801-1000,Lviv Polytechnic National University,7.1,1.7,47.4,11.3,,1.7,1,
801-1000,Manchester Metropolitan University,11.2,8.2,12.6,14,,44.6,27.2,
801-1000,Mendel University in Brno,6.9,6.1,34.8,7.1,,47.9,5.6,
801-1000,Mendeleev University of Chemical Technology,3.5,2.3,46,3.2,,6.7,1,
801-1000,NJSC KIMEP University,6.6,2.2,29,9.8,,19.4,79,
801-1000,Nanjing University of Aeronautics and Astronautics,3.8,38.7,15.6,3,,3.7,2.1,
801-1000,National Chung Cheng University,12.5,7,21,13.7,,9.8,1.6,
801-1000,Nicolaus Copernicus University,7.4,4.5,43.4,2.9,,3.5,1.4,
801-1000,Nottingham Trent University,9.9,7.2,9.7,20.4,,56.6,49.2,
801-1000,Novosibirsk State Technical University,6.9,2,28.3,7.6,,51.2,1.3,
801-1000,Oklahoma State University,9.9,16.4,14.8,10.9,,9.5,40.6,
801-1000,Paris Lodron University of Salzburg,8.9,24.7,4.5,2.4,,97.4,n/a,
801-1000,Perm State National Research University,4.7,1.5,48.8,1.6,,5.5,1.1,
801-1000,Pondicherry University,3.2,46.1,7.1,1.9,,1.4,1.3,
801-1000,Pontifícia Universidade Católica de São Paulo,11.8,1.2,28.1,17.3,,1.4,1.8,
801-1000,Poznan University of Technology,6.6,7.3,28.3,6.3,,3.4,1.2,
801-1000,Prince of Songkla University,18.2,3.1,16.2,13.2,,2.3,1.6,
801-1000,Princess Sumaya University for Technology,4.9,6.7,15.6,10.2,,40.1,57.2,
801-1000,Qassim University,5.1,1.4,24.5,1.9,,6.6,99,
801-1000,"Queen Margaret University , Edinburgh",4.6,15.8,6.2,4.1,,86.8,38.5,
801-1000,Rhodes University,6.7,25.1,14.9,7.8,,40.6,n/a,
801-1000,Riga Stradins University,6.4,2,18.6,9.5,,86.1,5.2,
801-1000,Robert Gordon University,3.8,5.8,6.4,12.3,,60.3,46,
801-1000,Russian Presidential Academy of National Economy and Public Administration,4.6,1.2,51.2,5.6,,3.2,1.2,
801-1000,Rutgers University–Newark,12.1,11.7,15.7,7.8,,19.1,13.8,
801-1000,Toronto Metropolitan University (formerly Ryerson University),6.6,37,1.7,25.5,,4.3,n/a,
801-1000,Seattle University,5,3.2,35.9,4.3,,17.9,1,
801-1000,Shinshu University,3.4,17.7,37.9,2.8,,3.5,2.2,
801-1000,"Siksha ‘O’ Anusandhan (Deemed to be University), SOA",3.1,3.8,41.9,2.3,,2.1,1.1,
801-1000,Silesian University of Technology,4.9,6,35.2,4.4,,2,1.1,
801-1000,Slovak University of Technology in Bratislava,9.1,4.9,39.6,7.7,,3.1,1.2,
801-1000,Sophia University,11.1,2.6,18.8,18.4,,23.7,20.7,
801-1000,South Ural State University (National Research University),7.8,1.9,44.7,4.4,,19.1,3.5,
801-1000,Southern Methodist University,5.6,10.2,37.6,5.8,,20.9,3.9,
801-1000,MATE Hungarian University of Agriculture and Life Sciences,5.2,2.5,39,4.8,,33.9,1.1,
801-1000,Széchenyi István University (University of Győr),5.9,1.5,37.2,21.6,,6.6,1.1,
801-1000,TU Dortmund University,13.3,9.9,14.9,11.6,,15.4,9.5,
801-1000,Technical University of Kosice,6.6,4.8,27.4,1.5,,43.1,1.1,
801-1000,Technical University of Liberec,4.4,4.6,46.1,2.8,,10.1,5.5,
801-1000,Technological University Dublin,10.9,3.9,13.8,14.8,,47.9,14.5,
801-1000,Tecnológico de Costa Rica -TEC,8.3,1.3,23.2,37.5,,1.8,2.2,
801-1000,Texas Tech University,10.8,17.7,6.7,15.2,,7.6,5.7,
801-1000,The University of Alabama,9.4,14.5,6,27.7,,4,1.8,
801-1000,Tokyo University of Science,11.5,18.1,11.2,36.6,,3.2,3.4,
801-1000,UNIVERSITY OF GDANSK,11,3.8,27.7,3.9,,3,1.7,
801-1000,Universidad Autónoma Metropolitana (UAM),23.6,2.8,6.2,19.3,,1.3,2.9,
801-1000,Universidad Autonoma Chapingo,4.2,1.3,57.6,2.8,,n/a,n/a,
801-1000,Universidad Autónoma del Estado de Hidalgo (UAEH),4.2,1.4,53.8,7,,1.8,1.4,
801-1000,Universidad Autónoma del Estado de México (UAEMex),21.4,1.4,6.4,10.7,,1.2,1.1,
801-1000,Universidad Católica Andres Bello,21.4,1,2.9,50.6,,1.6,n/a,
801-1000,Universidad Católica del Uruguay (UCU),9.5,1.2,42.3,17.6,,2,3.7,
801-1000,Universidad Diego Portales (UDP),14.6,5.1,10.6,32.7,,2.9,4,
801-1000,Universidad EAFIT,11.4,2.3,4,56.4,,3.1,1.6,
801-1000,Universidad Nacional Mayor de San Marcos,18.3,1.2,8.1,36.5,,n/a,n/a,
801-1000,Universidad Nacional de Córdoba - UNC,20.3,1.8,12.2,15.1,,2,1.2,
801-1000,Universidad Nacional de Rosario (UNR),19.1,1.1,21.2,10.9,,n/a,n/a,
801-1000,Universidad Nacional de San Luis,4.3,1.6,51.9,1.8,,n/a,n/a,
801-1000,Universidad Simón Bolívar (USB),15.2,2.8,10.2,32.8,,1,1.1,
801-1000,Universidad Tecnológica Nacional (UTN),3.4,1.1,45.6,31.2,,1.8,n/a,
801-1000,Universidad Tecnológica de Panamá (UTP),7.6,1,26.8,27.5,,5,1.4,
801-1000,Universidad Técnica Federico Santa María (USM),10.5,5.7,4.8,42.9,,4.3,4.8,
801-1000,Universidad de Guadalajara (UDG),19.1,1.2,26.8,13.1,,1.2,1.3,
801-1000,Universidad de Los Andes - (ULA) Mérida,12.8,1.3,18.9,20,,2.2,1.1,
801-1000,Universidad de Oviedo,11.6,31.2,10.6,3.1,,n/a,n/a,
801-1000,Universidad de las Américas Puebla (UDLAP),7.8,1.9,31.6,20,,8.6,14.9,
801-1000,Universidad de los Andes - Chile,12.3,3.4,10.6,27.7,,2.4,5.1,
801-1000,Universidad del Valle,17.5,2.3,8,22.9,,1,1.3,
801-1000,Universidade Católica Portuguesa,12.5,6.2,14.3,15.8,,5.9,1.2,
801-1000,Universidade Federal de Pernambuco (UFPE),12.6,3.8,23.4,3.1,,1.4,1.1,
801-1000,Universidade Federal de Santa Catarina,18.7,6.9,18.6,6.3,,2.2,1.6,
801-1000,Universidade Federal de São Carlos (UFSCar),13.5,16,18.7,6.3,,2,1.5,
801-1000,Universidade Federal do Paraná - UFPR,12.9,5,20.8,8.6,,1.1,1.4,
801-1000,Universidade da Coruña,5.4,9,29.6,6.1,,5.2,1.3,
801-1000,Universidade de Brasília,23.3,4.1,13.1,8.1,,2.9,2.9,
801-1000,Universita' Politecnica delle Marche,5.1,48.5,11.3,2.7,,4.9,1.7,
801-1000,Universita' degli Studi di Ferrara,5.7,52.2,3,2.7,,5.2,1.3,
801-1000,Universitas Padjadjaran (UNPAD),12.9,1.3,30.2,17.6,,1.6,6.2,
801-1000,Universiti Kuala Lumpur (UniKL),7.3,2.1,38.6,5.7,,3.7,2.3,
801-1000,Universiti Malaysia Pahang Al-Sultan Abdullah (UMPSA),10.9,19.6,15.9,8.6,,11,15.3,
801-1000,Universiti Malaysia Perlis,7.1,5.4,41.2,5.1,,4.5,1.2,
801-1000,Universiti Tunku Abdul Rahman (UTAR),11.5,4.4,11.6,29.7,,2.3,3.7,
801-1000,University of Alicante,13,10.6,25.7,6.8,,16.2,1.9,
801-1000,University of Baghdad,9.6,1.4,37.1,12.6,,1.1,1.1,
801-1000,University of Bahrain,11.2,1.9,8.4,8.4,,42,96,
801-1000,University of Bari,11.9,29.4,4.9,3.5,,2.1,1.8,
801-1000,University of Brighton,8.8,12.5,11.5,6.8,,54.9,42.4,
801-1000,University of Calcutta,15,23.1,6.3,7,,1.4,7.2,
801-1000,University of Central Lancashire,5.2,7.1,16.7,4.9,,61.1,18.1,
801-1000,University of Dhaka,17.9,2.5,14,29.9,,1.1,1.1,
801-1000,University of East London,4.2,8.3,5.5,4.4,,98.2,70.6,
801-1000,University of Engineering & Technology (UET) Lahore,6.8,4,19.5,33.7,,5.6,1,
801-1000,University of Hartford,4.8,2.3,35.3,13.9,,9.5,7,
801-1000,Hertfordshire,4.1,7.7,9.9,5.6,,93.6,39.4,
801-1000,University of Hradec Kralove,4.7,3.3,43.1,2.1,,7,7.7,
801-1000,University of Kwazulu-Natal,12.2,20.3,6.7,8.9,,2,16.7,
801-1000,University of Lincoln,5.9,9.1,10.8,8.3,,13.9,64.2,
801-1000,University of Lodz,10.9,3.3,35.8,4,,10.9,1.4,
801-1000,University of Malta,5.1,6.6,43.3,1.6,,13.2,6,
801-1000,University of Maribor,6.7,8.9,41.9,4.1,,8.6,1.2,
801-1000,University of Messina (UniME),7,30.5,12.7,1.9,,2.8,1.1,
801-1000,University of Mississippi,3.7,9.7,40.9,5.3,,3.3,3.4,
801-1000,"University of Missouri, Kansas City",5.3,16.2,23.4,6.5,,10.2,1.6,
801-1000,University of Murcia,11.7,6.2,31.2,2.1,,7.3,1.4,
801-1000,University of Naples Parthenope,3.2,40.7,4,1.9,,2.2,1.2,
801-1000,University of New England Australia,10.4,27.8,1.6,7.5,,4.6,1.4,
801-1000,University of New Hampshire,5.8,37.7,10,6.3,,5.9,1.1,
801-1000,University of Palermo,9.9,29.1,6.9,2.4,,2.1,1.2,
801-1000,University of Parma,9.4,36.3,2.9,3.2,,7.5,1.2,
801-1000,University of Patras,11.9,36.4,2.5,18.2,,4.6,1.1,
801-1000,University of Salerno,7.6,35.8,4.9,2.4,,2.1,1.3,
801-1000,University of Salford,7.8,9.6,10.1,4.9,,52.4,19.4,
801-1000,University of Santo Tomas,11.5,1.2,14.4,20.3,,7.6,15.7,
801-1000,University of Seoul,11.3,9.2,31.3,9.4,,7,1.4,
801-1000,University of Texas at San Antonio,7.3,30.3,4.8,4.8,,3.1,2.5,
801-1000,University of Tulsa,2.5,17.4,34.6,4.3,,27.2,1.7,
801-1000,University of Tyumen,3.6,1.5,56.6,2,,17.2,2,
801-1000,University of Wisconsin Milwaukee,8.6,22.2,11,4.7,,5.4,2,
801-1000,University of Wroclaw,15.7,5.8,23.2,11.9,,8.3,1.5,
801-1000,University of Wyoming,2.4,30.2,22.1,1.8,,5.9,2.9,
801-1000,University of the Punjab,13.6,7.1,5.1,40.2,,1.4,1.4,
801-1000,UWE Bristol (University of the West of England),9.3,11.8,11,11.6,,61.9,28.2,
801-1000,University of Zilina,4.4,5.4,49.1,1.1,,2.6,1.5,
801-1000,Università degli Studi di Udine,6.9,28.7,11.2,3.8,,5.1,1.7,
801-1000,Università degli studi Roma Tre,16.7,17.6,2.3,6.8,,5.4,3.2,
801-1000,Universität Duisburg-Essen,11.5,16.1,8.5,4.9,,46.8,22.4,
801-1000,Université Toulouse 1 Capitole,14.3,2.3,1.4,4.1,,57.1,16.2,
801-1000,Université de Lille,25.9,7.2,5,5.2,,20.5,6.9,
801-1000,Université de Lorraine,13.8,10.3,8.2,5.3,,36.6,8.7,
801-1000,Nantes Université,11,15.8,8.4,2.9,,16.3,7.1,
801-1000,Université de Rennes 1,16,14.8,14.5,3.7,,14.2,4.8,
801-1000,Verona University,8.7,32.1,6.1,5.9,,4.8,1.8,
801-1000,Viet Nam National University Ho Chi Minh City (VNU-HCM),20.7,1.6,12.2,15.3,,1.4,2.1,
801-1000,"Vietnam National University, Hanoi",16.6,2.3,15.5,12.1,,1.8,1.6,
801-1000,Vytautas Magnus University,12.4,3.7,12.2,13,,23.1,12,
801-1000,West Virginia University,6.1,25.1,12.8,8.1,,9.3,2,
801-1000,Wroclaw University of Science and Technology (Wrocław Tech),11.9,5.9,29.5,18.2,,5.3,1.2,
801-1000,Wuhan University of Technology,5.9,29.4,14.4,2.4,,3.1,n/a,
801-1000,Xi'an Jiaotong Liverpool University,4.7,6.1,9.1,2.2,,9.8,100,
801-1000,Yamaguchi University,4,5.5,48.9,1.6,,3.5,2.7,
801-1000,Yerevan State University,6.1,1.5,49.9,4.9,,4,1.8,
801-1000,Yeungnam University,4.9,26.3,15,3.8,,10.1,11.1,
801-1000,Yokohama National University,11.1,11.5,21.2,15.7,,11.8,2.9,
1001-1200,Al-Quds University,3.6,1.7,13.9,4.5,,5.1,31.8,
1001-1200,Al-Azhar University,8.8,1.2,11.4,4.7,,8.4,1,
1001-1200,Alexandria University,18.7,1.9,6.9,9.7,,3,1.2,
1001-1200,Aligarh Muslim University,7.7,9,24.8,3.6,,2.4,n/a,
1001-1200,Amity University,5.4,3.5,17.4,7.1,,20.9,1.3,
1001-1200,Amrita Vishwa Vidyapeetham,3.3,4.9,29.4,3.9,,1.9,22.7,
1001-1200,An-Najah National University,4.9,2,7.7,12.4,,19.5,18.6,
1001-1200,Anadolu University,3.5,3.8,19.6,4,,3.4,1.2,
1001-1200,Assiut University,9.6,2.3,14.2,4.7,,2.3,13.6,
1001-1200,Athens University of Economics and Business,6.8,15.9,1.4,33,,6,1.1,
1001-1200,Azerbaijan State University of Economics,6.2,1,18.2,6.4,,2.4,1.6,
1001-1200,BRAC University,7.8,1.6,23.4,18.3,,2,1.2,
1001-1200,Babes-Bolyai University,17.2,6.4,4.1,8.1,,4.5,9.6,
1001-1200,Baku State University,6.2,1.3,26.5,2.2,,2,1.1,
1001-1200,Banaras Hindu University,9.9,12.5,13.8,5.2,,2,1.1,
1001-1200,Baylor University,5.7,9.4,19,9.3,,4.9,1.4,
1001-1200,Belarusian State University of Informatics and Radioelectronics,6.2,1.3,14.4,21.4,,3.2,1,
1001-1200,Benemerita Universidad Autonoma de Puebla,15.5,1.8,5.6,7.8,,1.2,1.6,
1001-1200,Bina Nusantara University (BINUS),9.8,1.5,22.3,9.7,,4.5,4.8,
1001-1200,"Birla Institute of Technology and Science, Pilani",7,19.6,7.6,12.9,,2.3,1.1,
1001-1200,Birmingham City University,5,2.9,10.1,6.1,,74.9,20.9,
1001-1200,Brigham Young University,7.5,17.4,4.8,9.1,,3.9,1,
1001-1200,British University in Egypt,4.2,1.9,18.7,3.5,,3.1,1.3,
1001-1200,Brock University,3.1,23.9,2.6,10.9,,21.7,1.2,
1001-1200,COMSATS University Islamabad,8.9,11.3,12.8,17.9,,1.7,1.2,
1001-1200,Canterbury Christ Church University,6.8,3.9,10,2,,25.9,18.3,
1001-1200,"Universidad Católica de Córdoba (UCC), Jesuitas",4.3,1.2,23,2.9,,3.9,1.3,
1001-1200,Chang Jung Christian University,3.9,1.9,39.1,2.7,,5.3,2.3,
1001-1200,China University of Political Science and Law,5.2,1.2,15,9.5,,5.7,4.8,
1001-1200,Chung Yuan Christian University,4.6,14,5.1,4.5,,10.4,1.9,
1001-1200,Chungbuk National University,3.8,7.9,28.4,3,,6.5,2.1,
1001-1200,Diponegoro University,14.2,1.4,10.6,17.5,,2.2,10.8,
1001-1200,Doshisha University,8.6,2.3,6,15,,4.4,8.3,
1001-1200,EGE UNIVERSITY,6.9,3.2,15.9,7.1,,4,1,
1001-1200,Escuela Politécnica Nacional,5.7,3,27.5,9.3,,1.6,2.6,
1001-1200,Escuela Superior Politécnica del Litoral (ESPOL),9.5,2.3,15.6,13.6,,1.6,7.2,
1001-1200,Feng Chia University,6.9,9.6,5,7.5,,9.8,1.5,
1001-1200,Florida Atlantic University - Boca Raton,5.1,12.1,6.7,6.7,,4.9,2.8,
1001-1200,Fu Jen Catholic University,6.7,6.4,7.4,8,,17.9,2.7,
1001-1200,Gazi Üniversitesi,11.1,3.9,4.7,7.9,,2.9,1.3,
1001-1200,Glasgow Caledonian University,4.6,9.2,5.5,6.4,,44,17.6,
1001-1200,Harper Adams University,3.9,10.3,7.1,21.5,,15.5,11.3,
1001-1200,Imam Mohammad Ibn Saud Islamic University – IMSIU,4.7,1.4,11.8,2.7,,13.4,27,
1001-1200,"Indian Institute of Information Technology, Allahabad",3.4,14.3,13.6,5,,2,1.1,
1001-1200,Irkutsk State University,3.5,1.5,29.4,1.7,,5.2,1.2,
1001-1200,Istanbul Aydin University,3.2,1.4,14.4,2.8,,55.3,3.4,
1001-1200,Istanbul Bilgi Üniversitesi,3.7,2.1,15,5.5,,16.9,2.2,
1001-1200,Ivan Franko National University of Lviv,1,1.5,35.4,5.7,,2,1.1,
1001-1200,Izmir Institute of Technology (IZTECH),4.8,13.8,6.1,2.4,,3.6,1.7,
1001-1200,Jamia Hamdard,4.3,12.5,11,2.8,,4.3,n/a,
1001-1200,Jeju National University,3.2,3.5,24.9,2,,6.2,1.3,
1001-1200,Kangwon National University,4,12.2,17,4.6,,2.9,1.8,
1001-1200,Kent State University,6.3,26.1,7.2,5.4,,7.3,6.5,
1001-1200,King Mongkut's Institute of Technology Ladkrabang,7.9,3.2,5.1,16.9,,1.8,3.6,
1001-1200,Kookmin University,3.8,4.3,25.2,3.7,,28.7,2,
1001-1200,Kuwait University,11.8,3.4,5.1,6.9,,28.4,19.3,
1001-1200,Leeds Beckett University,4.6,6.2,6.9,12.2,,11.2,23.6,
1001-1200,Makerere University,9.4,4.9,3.9,8.3,,9.7,3.7,
1001-1200,Marquette University,3.3,8.1,25.8,4.7,,3.6,2,
1001-1200,Meiji University,6.9,2,5.5,19.2,,5.2,1.7,
1001-1200,Miami University,4.2,10.3,9.3,7.1,,22.2,2.3,
1001-1200,Mississippi State University,5.6,20.9,10.2,9.3,,3.9,3.4,
1001-1200,Multimedia University (MMU),7.4,6.7,16.2,17,,16.6,4.6,
1001-1200,Mustansiriyah University,3,1.2,29,5.7,,4.2,3.6,
1001-1200,Mutah University,4.6,1.5,8.3,4.6,,40.8,2.8,
1001-1200,Nagoya Institute of Technology (NIT),5.4,22.1,5.9,3.2,,5.3,2,
1001-1200,National Dong Hwa University,5.4,8.2,9.1,2.6,,11,1.4,
1001-1200,National Taiwan Ocean University,5.4,11.9,15,2.6,,8.3,1.7,
1001-1200,National University of Kyiv-Mohyla Academy (NaUKMA),4.8,1.3,32.7,11.1,,1.4,1.2,
1001-1200,North South University,10.9,1.7,4.7,32.7,,2.7,4.9,
1001-1200,North-West University,6.6,10.3,8.2,9.1,,3.2,1.5,
1001-1200,Northern Arizona University,6.8,12.4,5.9,6.1,,5,1.3,
1001-1200,OSMANIA UNIVERSITY,4.4,16.6,4,3.6,,7,n/a,
1001-1200,Ohio University,9.2,18,6.4,12.7,,4.5,2,
1001-1200,Panjab University,5.2,15.1,4.6,3.6,,1.1,n/a,
1001-1200,Paul Valéry University Montpellier,12.8,1.5,3.8,2.5,,39.1,2,
1001-1200,Pontificia Universidad Católica del Ecuador (PUCE),13,1.3,12.6,14.2,,1.5,7.4,
1001-1200,"Pontifícia Universidade Católica do Rio Grande do Sul, PUCRS",7,8.5,7.8,5.3,,1.5,1.7,
1001-1200,Portland State University,4.7,12.9,9.8,3.8,,8.1,1,
1001-1200,Pukyong National University,5.1,12,7.2,3.1,,7.4,1.9,
1001-1200,Rikkyo University,3.6,2.7,17.3,9.3,,7.3,10.3,
1001-1200,Rochester Institute of Technology (RIT),4.9,9.2,23.1,7.6,,19.9,1.9,
1001-1200,Russian State University for the Humanities,4.4,1.3,21,2.4,,5.1,1.1,
1001-1200,Saint-Petersburg Mining University,3.4,2.2,32.9,3.6,,16.6,2.8,
1001-1200,Saitama University,3.5,21.2,17.4,2.1,,6.9,3.9,
1001-1200,Saken Seifullin Kazakh Agrotechnical University,5.7,1.2,20.8,4,,5.3,3.3,
1001-1200,San Diego State University,4.6,23.4,3.5,4.2,,7.8,1.8,
1001-1200,Seoul National University of Science and Technology,6.3,11.4,8.3,3.7,,7.5,2.8,
1001-1200,Shahid Beheshti University (SBU),8.2,23.7,4.7,6.4,,1.9,1.1,
1001-1200,Shanghai International Studies University,4.7,1.5,21.7,2.3,,33.6,14.9,
1001-1200,Sheffield Hallam University,7.1,5.2,11.3,15.9,,21,13.8,
1001-1200,"Siberian Federal University, SibFU",7.3,2.7,10.1,4,,13.2,32.8,
1001-1200,Slovak University of Agriculture in Nitra,3.4,3.9,19.7,3.6,,3.1,3.1,
1001-1200,Sookmyung Women's University,3.7,4.4,25.2,5,,1.7,2.2,
1001-1200,Suez Canal University,3.2,2.2,25.5,2.5,,1.7,1.1,
1001-1200,Taibah University,4.2,2.5,5.5,1.7,,2.7,99.5,
1001-1200,Tallinn University,8.2,11.6,8.1,7.4,,23.7,24,
1001-1200,Lublin University of Technology,4,5.8,19.4,1.6,,13.2,n/a,
1001-1200,Telkom University,5,1.3,24,6.2,,2.4,4.8,
1001-1200,Thapar Institute of Engineering & Technology,1.9,34.3,8.7,3.5,,1.9,1.9,
1001-1200,The Herzen State Pedagogical University of Russia,3.4,1.2,29.8,1.9,,44.3,1.1,
1001-1200,The Josip Juraj Strossmayer University of Osijek,3.3,2.7,34.8,1.3,,n/a,n/a,
1001-1200,"The National Research University ""Belgorod State University""",3.3,2.3,29.3,1.1,,46.9,1.2,
1001-1200,The University of Lahore,8.3,1.7,14.8,12.7,,2.3,1.3,
1001-1200,The University of Northampton,3.4,3.5,9,3.2,,89.4,24.2,
1001-1200,The University of Texas at Arlington,6.6,13,5,6.5,,23.3,1.6,
1001-1200,Tokai University,11.2,3.6,17.1,7.5,,3.6,2.2,
1001-1200,Tomas Bata University in Zlin,4,7.8,16.7,10.8,,22.5,7.8,
1001-1200,Ton Duc Thang University,6.2,6.6,8.4,7.1,,1.9,46.1,
1001-1200,Universidad Andrés Bello,9.2,2.7,5.7,15.6,,2,2.7,
1001-1200,Universidad Austral de Chile,15.3,7,3.9,14.2,,2.2,6.7,
1001-1200,Universidad Autónoma de Nuevo León,16.1,1.9,3,18.1,,1.2,1.4,
1001-1200,Universidad Central del Ecuador,8.3,1.2,11.9,8.6,,n/a,n/a,
1001-1200,Universidad Industrial de Santander - UIS,10.1,2.9,5.2,30.3,,1.4,1.9,
1001-1200,Universidad Metropolitana,7.7,1.1,6.4,20.7,,1.4,5.3,
1001-1200,Universidad Nacional Agraria la Molina,6.6,1.5,20.3,11.3,,2.5,1.9,
1001-1200,Universidad Nacional de Cuyo,12.1,1.6,17.8,7.6,,16.4,1.1,
1001-1200,Universidad Nacional de Mar del Plata,9.8,3.5,9.4,3.2,,n/a,n/a,
1001-1200,Universidad Nacional de Río Cuarto - UNRC,4.8,1.6,39.9,1.1,,n/a,n/a,
1001-1200,Universidad Nacional de San Martín (UNSAM),9.7,2.5,9.3,3.7,,5.2,2.9,
1001-1200,Universidad Nacional de la Asunción,5.7,1.1,22.6,6.9,,1.6,n/a,
1001-1200,Universidad Nacional Costa Rica,9.6,1.5,17.9,22.6,,2.9,3.8,
1001-1200,Universidad Peruana de Ciencias Aplicadas (UPC),7.8,1.2,4.8,30,,2.4,4.4,
1001-1200,Universidad Rey Juan Carlos,7.3,4.5,5.7,10.2,,18.6,4,
1001-1200,"Universidad Tecnológica de la Habana José Antonio Echeverría, Cujae",6.2,1.1,18.8,1.2,,5.3,1.4,
1001-1200,Universidad de Castilla-La Mancha,8.4,11,18.3,2.1,,4.4,1.2,
1001-1200,Universidad de Córdoba - Colombia,15.9,1.6,2.9,3.9,,n/a,n/a,
1001-1200,Universidad de La Frontera (UFRO),8.3,11.5,3.2,5.9,,1.3,2.6,
1001-1200,Universidad de Lima,9.5,1,5,36.4,,2.2,1.7,
1001-1200,Universidad de Monterrey (UDEM),11.2,1.4,12.1,13.8,,1.9,4.1,
1001-1200,Universidad de Puerto Rico,10.5,3.9,7.4,8.1,,1.5,1.8,
1001-1200,Universidad de Talca,10.3,5.9,6.3,12.1,,1.4,9.4,
1001-1200,Universidad de Valparaíso (UV),9.6,3.3,10.7,10.1,,1.6,2.5,
1001-1200,Universidad del Desarrollo (UDD),5.5,2.5,13.4,18.8,,2,2.7,
1001-1200,Universidad del Norte,9,2.4,12.2,29.6,,1.3,3.9,
1001-1200,Universidad del Pacífico,7.8,2.4,4.2,38.2,,1.3,4.9,
1001-1200,Universidade Federal Fluminense,8.4,3.7,14.3,3.4,,1.7,2,
1001-1200,Universidade Federal da Bahia,8.2,3.3,10.6,3.1,,1.6,2,
1001-1200,Universidade Federal de Juiz de Fora- (UFJF),3.5,3.1,35.7,3,,n/a,n/a,
1001-1200,Universidade Federal de Pelotas,3.5,6.1,30.9,1.4,,n/a,n/a,
1001-1200,Universidade Federal de Viçosa (UFV),4.9,8.5,15.8,2.4,,2,1.4,
1001-1200,Universidade Federal do Ceará (UFC),6.9,5.9,13.7,3.6,,1.5,1.4,
1001-1200,Universidade de Vigo,7,17.8,11,5,,4,1.2,
1001-1200,Universidade do Estado do Rio de Janeiro (UERJ),9.1,3.4,18,5.8,,1.2,1.6,
1001-1200,"Universita' degli Studi ""G. d'Annunzio"" Chieti Pescara",3.2,23.5,3.7,1.2,,3.5,1.6,
1001-1200,Universitas Brawijaya,13.7,1.3,8.6,17.8,,1.8,2,
1001-1200,Universitas Hasanuddin,10.1,1.4,11.1,5.6,,1.9,2.3,
1001-1200,Universitatea de Vest din Timisoara / West University of Timisoara,10.6,2.8,5.7,4.3,,6.1,1.1,
1001-1200,Universiti Malaysia Sabah (UMS),14.5,3.8,7.3,9.7,,4.4,5.5,
1001-1200,Universiti Malaysia Sarawak (UNIMAS),11.6,3.3,13.5,8,,7.9,19.7,
1001-1200,Universiti Malaysia Terengganu (UMT),9,6.2,12.7,4.6,,6.1,4.8,
1001-1200,"University of Agriculture, Faisalabad",5.2,27.3,1.6,8.8,,1.1,1.6,
1001-1200,University of Arkansas Fayetteville,7.6,12.4,7.2,6.5,,4.8,2.1,
1001-1200,University of Belgrade,16.7,6.5,3.9,9.1,,5.1,1.4,
1001-1200,University of Bialystok,4.8,2.9,32.5,2.6,,6.1,n/a,
1001-1200,University of Bucharest,16.8,4.1,8.8,7.8,,2.5,1.2,
1001-1200,University of Calabria,5,28.7,3.3,1.8,,3.6,2.5,
1001-1200,University of Colombo,10.6,2.7,3.2,15.7,,1.3,1,
1001-1200,University of Derby,3.5,4,14.3,5.5,,41.7,14.1,
1001-1200,University of Ghana,9.4,5.2,3.6,7.2,,2,2,
1001-1200,University of International Business and Economics,3.3,2.2,12.1,2.1,,37,2.6,
1001-1200,University of Karachi,10.2,4.5,1.6,12.1,,1.1,1.6,
1001-1200,University of Kufa,4.4,1.3,35.3,10.6,,1.1,1.8,
1001-1200,University of Latvia,12,9.5,5.3,13.9,,8.9,6.2,
1001-1200,University of Miskolc,5.8,2.2,27.7,6.4,,5.9,1.6,
1001-1200,University of Montana Missoula,2.4,23.7,17,2.6,,2.4,1,
1001-1200,University of Mumbai,9.7,16.1,1.6,17.4,,1.1,1.2,
1001-1200,University of Nairobi,8.9,1.9,15.4,12,,n/a,n/a,
1001-1200,University of Niš,4.4,3.4,15.7,5.2,,7.3,n/a,
1001-1200,University of North Carolina at Charlotte,6.1,14,6.5,5.5,,7.8,4.7,
1001-1200,University of North Texas,7.6,21.5,4.2,8.4,,9.3,n/a,
1001-1200,University of Novi Sad,7.8,3.4,11,5.5,,n/a,n/a,
1001-1200,University of Ostrava,5.4,4,23.4,1.1,,14.5,8,
1001-1200,University of Pardubice,4.9,7.8,31,2.5,,7.9,n/a,
1001-1200,University of Peradeniya,7.2,2.3,18.1,9.2,,1.5,1,
1001-1200,University of Rhode Island,4.8,17.1,9.9,3.5,,2.9,2.5,
1001-1200,University of Rijeka,5,3.5,29.1,2.6,,1.6,1.3,
1001-1200,University of San Diego,7.6,4,23.5,6.5,,10.5,1.2,
1001-1200,University of San Francisco,8,5,14.6,4.7,,27.4,1.3,
1001-1200,University of Silesia in Katowice,5.4,7.9,13,4.4,,3.7,n/a,
1001-1200,University of South Alabama (USA),4.9,6.5,18,5.6,,2.5,n/a,
1001-1200,University of Texas El Paso,4.9,19.5,5.9,2.6,,9,2.4,
1001-1200,University of West Bohemia,5.8,5.1,14,1.9,,n/a,n/a,
1001-1200,University of Wolverhampton,3.2,7.8,10,2.5,,59.2,20.7,
1001-1200,University of the Pacific,2.4,5.7,36.2,4.1,,7.9,1.4,
1001-1200,University of the Western Cape,7.6,20,4.1,6,,6.5,10.5,
1001-1200,Università degli Studi della Tuscia (University of Tuscia),3.1,24.4,8.1,1,,5.1,3.4,
1001-1200,Universität Siegen,4.1,6.5,10.5,2.2,,20.6,16.6,
1001-1200,Université Jean Moulin Lyon 3,8,1.7,1.7,4.9,,32.4,10.3,
1001-1200,Université Lumière Lyon 2,12,3.5,10,2.1,,20.4,12.8,
1001-1200,Université Paris-Nanterre,12.2,2.9,3.2,4,,1.6,3.6,
1001-1200,Université de Poitiers,9,8.9,5.6,2.5,,33,n/a,
1001-1200,Université Toulouse - Jean Jaurès,10.9,3.5,1.1,2.4,,24.9,15.2,
1001-1200,Utah State University,6.6,29.3,6.8,4.1,,2,n/a,
1001-1200,VSB - Technical University of Ostrava,4.4,4,10.3,8.2,,25.8,2.3,
1001-1200,"Vellore Institute of Technology (VIT), Vellore, India",8.3,12.7,9.8,8,,2.6,5.9,
1001-1200,Voronezh State University,6.2,1.3,26,2.1,,36.1,1.5,
1001-1200,Warsaw University of Life Sciences SGGW (WULS-SGGW),7.7,4.9,23.7,6.5,,9.1,1.3,
1001-1200,Western Michigan University,7.2,7.1,10.5,7,,12.4,6.7,
1001-1200,Youngsan University,4.3,1.2,16,8.1,,6.3,1.4,
1001-1200,Yuan Ze University,4.4,17,6.5,5.1,,8.1,2,
1201+,Don State Technical University,3.8,1.4,11.8,2.7,,15,1.1,
1201+,Akdeniz Üniversitesi,4.4,3.1,4,2.9,,1.1,1,
1201+,Al-Balqa Applied University,3.4,2.1,5,4.9,,6.2,2.4,
1201+,Alexandru Ioan Cuza University,8.3,3.6,4.9,5,,9.4,1.6,
1201+,Aoyama Gakuin University,5.7,2.7,5.8,12.1,,3.4,7,
1201+,Bahauddin Zakariya University,4.9,11,1.6,5.6,,1,n/a,
1201+,Birzeit university,5.3,2.2,5.3,7.9,,5,5.5,
1201+,Cukurova University,3.6,3.5,3.4,1.7,,5.6,1.4,
1201+,Damascus University,5.2,1.2,1,4.6,,1.7,1.7,
1201+,Dokuz Eylul Universitesi,4.4,3.5,3.2,4.5,,1.1,1.3,
1201+,German University in Cairo,6.5,2,8.7,6.6,,1.2,5.6,
1201+,Hanoi University of Science and Technology,7.8,5.2,4.1,6.4,,1.2,1.5,
1201+,Helwan University,5.8,1.5,5.1,7.2,,2.2,1,
1201+,Hongik University,4.2,3.6,9.7,5,,10,8.6,
1201+,"ITESO, Universidad Jesuita de Guadalajara",5.6,1.1,n/a,8.1,,1.4,1.5,
1201+,Indiana State University,6,3.8,7.6,6.5,,3.6,1.2,
1201+,Kindai University (Kinki University),3.9,5,11.6,5,,1.9,4.2,
1201+,Lucian Blaga University of Sibiu,3.8,1.7,7.3,2.3,,2.5,1.1,
1201+,MIREA - Russian Technological University,2.7,1.5,12.4,3.3,,4,1.1,
1201+,Mansoura University,10.8,2.3,4.1,4.9,,3,1.2,
1201+,Marmara University,4.1,2.4,7.9,3.6,,4.3,1.4,
1201+,Moscow City University,2.6,1,7.5,1.7,,4,1.2,
1201+,Moscow Pedagogical State University,5.1,1.5,9,2.5,,25.1,1.1,
1201+,National Research University Moscow Power Engineering Institute (MPEI),3.7,1.9,11,3.3,,33,2.2,
1201+,National Taipei University,7.1,4,9.1,3.9,,4.4,1.2,
1201+,Pontifícia Universidade Católica do Paraná,3.6,4,4.2,3.5,,1.8,1.1,
1201+,Russian State Agrarian University - Moscow Timiryazev Agricultural Academy,4.3,1.2,12.7,3.4,,6.3,1.1,
1201+,SRM Institute of Science and Technology,4.1,2.8,12,7.3,,2.1,1.1,
1201+,Sakarya University,2.6,3.2,2.4,2.5,,11.6,1.1,
1201+,Shanghai University of Finance and Economics,5,2.8,11.8,4,,4,2.3,
1201+,Shibaura Institute of Technology,3.5,7.2,2.4,2.9,,14.7,4.4,
1201+,Soochow University (Taiwan),4.7,2,5.6,5.6,,4.7,1.7,
1201+,Southwest University,3.7,5.7,15.1,1.6,,1.9,1.1,
1201+,Stefan cel Mare University of Suceava,3.6,3.9,7.5,1.8,,37.9,1.2,
1201+,Sudan University of Science and Technology,3.5,1.2,5,3.2,,2.1,1,
1201+,Suranaree University of Technology,5.7,7.6,3.1,3.5,,1.7,1.9,
1201+,Tamkang University,5.2,5.5,3.4,5.2,,11,2.5,
1201+,Tanta University,4.7,2.1,4.8,2.1,,2.1,1,
1201+,Technical University of Cluj-Napoca,5.1,3.2,8.7,3.9,,2.7,1,
1201+,"The ""Gheorghe Asachi"" Technical University of Iasi",6,7.3,2.6,4.3,,6,n/a,
1201+,The Hashemite University,5.5,3,4.5,8.3,,7.4,2.9,
1201+,"The University of Notre Dame, Australia",4.1,7,2.9,6.8,,2,1.4,
1201+,Toraighyrov University,3.8,1.2,17.4,3.3,,3.3,1.4,
1201+,Transilvania University of Brasov,4.2,2.9,7.1,2.6,,2.1,1.3,
1201+,Tunghai University,5.3,3.9,5.9,6,,16,4.3,
1201+,Universidad Autonoma de Yucatan,5.3,2.5,5.9,2.1,,1.1,1.2,
1201+,Universidad Autónoma de Baja California,8.2,1.6,4.6,5.1,,2.9,1.3,
1201+,Universidad Autónoma de Chile,4.9,2.4,8.1,2.8,,1.3,2.3,
1201+,Universidad Autónoma de Querétaro (UAQ),4.8,2.6,8.8,4.3,,1.7,2.1,
1201+,Universidad Autónoma de San Luis de Potosí,6.7,2.7,6.5,2.3,,1.5,1.1,
1201+,Universidad Autónoma del Estado de Morelos (UAEM),4.1,1.8,9.8,2.4,,1.2,1.3,
1201+,Universidad Bernardo O'Higgins,2.8,2.1,10.4,1.3,,2,2.4,
1201+,"Universidad Católica Boliviana ""San Pablo"" (UCB)",4.4,1.1,3.5,6.5,,3.4,1.3,
1201+,Universidad Católica de Colombia,4.3,1.3,5.9,8,,1.3,1.8,
1201+,Universidad Católica de Santiago de Guayaquil,3.2,1.2,2.5,7,,1,1.6,
1201+,Universidad Católica del Norte,5.2,7,6.2,4.6,,2.4,5.7,
1201+,Universidad Mayor de San Andrés (UMSA),5.9,1.3,2.4,4,,1.1,1.3,
1201+,Universidad Nacional Autónoma de Honduras (UNAH),4.3,1,3.7,6.5,,n/a,1.1,
1201+,Universidad Nacional de Quilmes,6.8,1.8,3.6,2.7,,2.1,1.4,
1201+,Universidad Nacional de Tucumà¡n,7.6,1.9,3.2,3,,n/a,n/a,
1201+,Universidad Nacional del Litoral,11,2.9,2.2,6.6,,1.1,1.1,
1201+,Universidad Nacional del Sur,5.9,2.9,9.6,3.1,,n/a,n/a,
1201+,Universidad San Ignacio de Loyola (USIL),5.3,1.1,1.9,13.9,,1.6,1.5,
1201+,Universidad Tecnológica de Bolívar,3.5,2,3.4,5.7,,1.3,2.6,
1201+,Universidad Tecnológica de Pereira,4.3,1.8,4.2,8.7,,1,1.1,
1201+,Universidad de Guanajuato,7.8,3.3,9.4,3.5,,1.8,2.4,
1201+,Universidad de La Salle,5.8,1.2,5.9,7.6,,1.6,1.5,
1201+,Universidad de La Serena,3.4,8.3,1.9,3.3,,1.4,3.2,
1201+,Universidad de Medellín,6.6,1.8,5.5,10.3,,2.3,1.5,
1201+,Universidad de Panamá - UP,6.2,1.1,4.9,18.2,,3,1.3,
1201+,Universidad de Sonora,4.1,1.8,5.5,2.2,,1.7,1.5,
1201+,Universidad de las Fuerzas Armadas ESPE (Ex - Escuela Politécnica del Ejército),4.4,1.8,11.1,8.7,,1.1,1.8,
1201+,Universidad del Bío-Bío,7.6,3,3.7,5.7,,1.4,3.3,
1201+,Universidad del Salvador,4.1,1.1,13.5,13.6,,7.8,n/a,
1201+,Universidade Estadual de Londrina,3.1,4.2,17.1,4.3,,1.3,1.2,
1201+,Universidade Federal da Paraíba,3.6,3.2,14.5,3.2,,1.3,1.3,
1201+,Universidade Federal de Goiás,3.4,4.2,8.4,1.6,,1.3,1.5,
1201+,Universidade Federal de Santa Maria,4.5,5.4,13.1,1.7,,1.4,1.3,
1201+,Universitas Andalas,5.4,1.3,5.4,2.7,,1.2,1,
1201+,Universitas Muhammadiyah Surakarta,4.2,1.1,6.6,1.7,,1.2,1.1,
1201+,Universitas Sebelas Maret,7.4,1.4,11.2,5.6,,1.5,3.4,
1201+,Universitas Sumatera Utara,5,1.3,15.7,3.2,,2.3,1.2,
1201+,University POLITEHNICA of Bucharest,6.4,7,4.8,5.6,,3.2,1.1,
1201+,"Politehnica University Timisoara, UPT",3.3,3.9,10.6,2.9,,2.1,1,
1201+,University of Babylon,3.6,1.8,17.6,6.4,,1,1,
1201+,University of Basrah,4.1,1.4,12.6,6.3,,n/a,1,
1201+,University of Khartoum,5.9,2.5,12,7.6,,1.7,n/a,
1201+,University of Kragujevac,3.7,3.3,16.8,3.9,,1.1,1,
1201+,University of Sarajevo,4.6,2.1,4.3,3.8,,3.5,n/a,
1201+,University of Split,5.1,3.9,3,2.3,,2.6,1.7,
1201+,Università degli studi di Bergamo,4.7,5.2,3.9,2.8,,7.8,5.9,
1201+,Université Mohammed V de Rabat,3,2.9,4.2,2.9,,2.4,n/a,
1201+,Université de Caen Normandie,7.8,3.4,6.9,2.7,,8.2,3.3,
1201+,Université de Tunis,5,1.5,19.1,1.4,,n/a,n/a,
1201+,Université de Tunis El Manar,5.5,3.5,14.5,1.6,,1.9,1.2,
1201+,Yarmouk University,9.3,2.2,1.9,10.2,,11,1.2,
1201+,Yildiz Technical University,5.6,5.4,6.1,10.5,,8.9,1.1,
1201+,Zagazig University,4.7,2.2,3.4,2.8,,1.9,1,
