year,rank,university_name,Academic Reputation,Citations per Faculty,Faculty Student Ratio,Employer Reputation,Employment Outcomes,International Student Ratio,International Faculty Ratio,International Research
2015,1,Massachusetts Institute of Technology (MIT),100,100,100,100,,95.5,100,
2015,2,Harvard University,100,100,98.6,100,,76,99.9,
2015,=3,University of Cambridge,100,93.7,100,100,,96.6,96.2,
2015,=3,Stanford University,100,99.9,99.5,100,,72.8,97.6,
2015,5,California Institute of Technology (Caltech),99.8,100,100,89.6,,85.2,90.2,
2015,6,University of Oxford,100,88.9,100,100,,96.6,97.8,
2015,7,UCL,99.9,88,98.6,99.8,,99.9,95.5,
2015,8,Imperial College London,99.9,79.6,99.9,100,,100,100,
2015,9,ETH Zurich,99.9,98.8,78.6,99,,98,100,
2015,10,University of Chicago,99.9,91.5,93.8,96.3,,81.6,73.4,
2015,11,Princeton University,100,100,92.9,98.5,,68.2,47.2,
2015,12,National University of Singapore (NUS),100,78.9,92.9,100,,92.5,100,
2015,13,"Nanyang Technological University, Singapore (NTU Singapore)",95.3,86.5,94.2,97.5,,94,100,
2015,14,EPFL – École polytechnique fédérale de Lausanne,89.1,99.3,93.6,93.6,,100,100,
2015,15,Yale University,100,71.3,100,100,,65.5,89.9,
2015,16,Johns Hopkins University,97.2,84.9,100,74,,71.2,96.6,
2015,17,Cornell University,99.9,97.1,73.9,96.7,,66,90.2,
2015,18,University of Pennsylvania,98.8,80.5,100,97.4,,66.6,52.9,
2015,=19,King's College London,95.2,77.5,89.9,95.9,,98.2,95.4,
2015,=19,Australian National University (ANU),99.6,89.4,68.9,94.4,,96.7,100,
2015,21,The University of Edinburgh,99.7,71.5,85.3,98,,97.9,93.1,
2015,22,Columbia University,100,67,100,99.4,,89.8,33,
2015,23,"Ecole normale supérieure, Paris",89.6,100,91.9,78.9,,82.6,55.6,
2015,24,McGill University,99.1,70.4,80.8,94.7,,92.3,88.3,
2015,25,Tsinghua University,99.6,84.2,87.5,99.5,,36.1,47.8,
2015,26,"University of California, Berkeley (UCB)",100,99.9,46.9,99.9,,79.3,96.8,
2015,27,"University of California, Los Angeles (UCLA)",100,89.6,74.2,99.7,,49,57.4,
2015,28,The Hong Kong University of Science and Technology,94.3,89.4,65.8,91.8,,97,100,
2015,29,Duke University,96.4,85.4,99.8,84.6,,57.4,n/a,
2015,=30,The University of Hong Kong,99.5,56.3,84.5,97.4,,98.6,100,
2015,=30,University of Michigan-Ann Arbor,99.9,84.5,81.3,91.4,,42.2,65.4,
2015,32,Northwestern University,94,96.4,92.3,81.1,,51.7,n/a,
2015,33,The University of Manchester,99.3,61.9,79.4,99.9,,97.1,83.9,
2015,34,University of Toronto,99.9,57.3,82.6,95.6,,90.3,97.1,
2015,35,The London School of Economics and Political Science (LSE),93.8,77.6,65,100,,100,100,
2015,36,Seoul National University,99.2,79,84.2,96.6,,n/a,30.2,
2015,37,University of Bristol,92.1,69,79.7,98.2,,81.2,86.1,
2015,38,Kyoto University,99.9,71.5,94.1,96.6,,n/a,n/a,
2015,39,The University of Tokyo,100,64.9,96.3,99.9,,n/a,n/a,
2015,40,Ecole Polytechnique,73.5,75.7,99.2,99.6,,88.5,96.2,
2015,41,Peking University,99.9,70.8,73,99.8,,45.2,50.5,
2015,42,The University of Melbourne,99.8,80.9,n/a,99.8,,97.9,80.1,
2015,43,KAIST - Korea Advanced Institute of Science & Technology,89.4,100,78.5,86.6,,n/a,n/a,
2015,44,"University of California, San Diego (UCSD)",98,94.5,66.8,71.3,,42.4,31.3,
2015,45,The University of Sydney,99.5,72.7,n/a,99.4,,89.8,99.4,
2015,=46,The University of New South Wales (UNSW Sydney),96.9,80,n/a,99.6,,92.7,100,
2015,=46,The University of Queensland,95.6,84,41.9,91.3,,82.4,99.6,
2015,48,The University of Warwick,90.4,66.3,62.4,99.7,,98.1,93.5,
2015,49,Brown University,81.9,96.6,81.7,71.2,,66.2,49.4,
2015,50,University of British Columbia,99.6,73.7,47,95.8,,63.2,85.4,
2015,=51,Fudan University,94.1,81,61.3,96.9,,49.4,52.2,
2015,53,New York University (NYU),98.8,n/a,94.8,97.8,,82.3,n/a,
2015,54,University of Wisconsin-Madison,97.4,66.9,85.7,62.1,,36.1,51.6,
2015,55,University of Amsterdam,95.1,84.4,54.3,88.1,,37.8,70,
2015,56,Tokyo Institute of Technology (Tokyo Tech),86.2,80.4,87.2,84.5,,n/a,n/a,
2015,57,City University of Hong Kong (CityUHK),72.7,93.4,81.9,50.7,,95.4,100,
2015,58,Osaka University,92.5,69.2,86.8,80.9,,n/a,n/a,
2015,59,University of Illinois Urbana-Champaign,97.7,98.2,n/a,75.8,,70,62.1,
2015,60,Technical University of Munich,90.4,n/a,90.3,98.3,,65.2,53,
2015,61,Durham University,75.4,90.6,48.7,98.4,,88.1,91.7,
2015,=62,Carnegie Mellon University,88.1,99.9,n/a,83.9,,99.3,n/a,
2015,=62,University of Glasgow,87.5,64.4,64.4,68.3,,94.4,86.9,
2015,64,Delft University of Technology,83.9,96.1,n/a,89.4,,71.2,93.2,
2015,65,University of Washington,95.5,94.5,54.1,55.8,,43.8,n/a,
2015,66,Universität Heidelberg,95.5,43.3,77.6,80.5,,59.6,49.5,
2015,67,Monash University,94.5,67.1,n/a,96.9,,93.7,98.4,
2015,68,University of St Andrews,65.9,84.5,79,68.2,,99.9,96.6,
2015,69,University of Copenhagen,89.1,n/a,99.9,77.7,,37.8,82,
2015,=70,University of Nottingham,80.6,61.9,61.1,96.7,,87.6,87.3,
2015,=70,Lund University,89.3,58.1,58.1,84.2,,72.7,83.5,
2015,=70,National Taiwan University (NTU),98,85.9,46.1,75,,n/a,n/a,
2015,=70,Shanghai Jiao Tong University,88.8,83.8,47.3,95.9,,n/a,60.8,
2015,74,Tohoku University,86,61.4,97.1,72.1,,n/a,n/a,
2015,75,Ludwig-Maximilians-Universität München,98.1,56.8,49.8,91.6,,39.9,57.1,
2015,76,University of Birmingham,82.4,57.6,60.4,94.9,,83.4,85.1,
2015,77,University of Texas at Austin,98.5,97.5,n/a,85.8,,n/a,n/a,
2015,78,"Trinity College Dublin, The University of Dublin",82.5,63,60.7,73.8,,84.6,95.8,
2015,79,University of North Carolina at Chapel Hill,84.1,79.9,81.7,45.7,,n/a,38.1,
2015,80,The University of Sheffield,79,59,66.3,79.7,,95,81.5,
2015,81,University of Southampton,72.9,63.5,76.6,64,,92.3,89.2,
2015,=82,The University of Auckland,92.7,58.5,n/a,93.6,,88.4,85.2,
2015,=82,KU Leuven,92.4,92.6,n/a,76.4,,41.6,80,
2015,84,Georgia Institute of Technology,81.8,89.9,44.5,78.2,,86.9,n/a,
2015,=85,University of Zurich,78.1,n/a,90.8,72.7,,62.6,100,
2015,=85,"University of California, Davis",85.8,93.9,n/a,62,,46.9,65.7,
2015,=87,University of Leeds,81.7,55.2,57.9,90.7,,73.7,75.8,
2015,=87,Pohang University of Science And Technology (POSTECH),56.1,100,99.6,64.9,,n/a,49.7,
2015,=89,University of Geneva,69.8,86.5,62.3,n/a,,99,100,
2015,=89,Purdue University,81,73.3,n/a,77.2,,78.1,94.1,
2015,91,Boston University,78.5,71.2,62.5,85.6,,73.7,n/a,
2015,92,KTH Royal Institute of Technology,64.1,80.9,67.7,88,,46.2,86.1,
2015,93,"KIT, Karlsruhe Institute of Technology",64,65.8,84.7,96.2,,48.6,57.1,
2015,94,Utrecht University,83.7,84.5,47.1,69,,n/a,59.4,
2015,95,Leiden University,87.1,83.2,43.6,55.2,,n/a,66.7,
2015,=96,University of Alberta,79.5,56.5,56.7,68.7,,82.9,90.3,
2015,=96,University of Helsinki,83.7,36.8,94.6,64.7,,n/a,59.9,
2015,98,The University of Western Australia,79.3,76.1,n/a,70.3,,65.6,99.7,
2015,99,The Ohio State University,82,47,71.9,57.4,,55.2,80.4,
2015,100,University of Groningen,69.1,48,81.1,58.5,,94.2,93.4,
2015,101,Pennsylvania State University,85.7,86.1,n/a,73.3,,45.5,n/a,
2015,102,Uppsala University,85.7,64.2,47,65.6,,75.8,n/a,
2015,103,University of York,67.7,76.6,51.5,70.1,,81.1,87.1,
2015,104,Korea University,78.4,42.6,83.2,84.6,,39.2,n/a,
2015,105,Yonsei University,79.4,40.3,83.8,86.6,,n/a,n/a,
2015,106,Rice University,50.5,99.7,84.2,n/a,,87.1,86.1,
2015,107,Aarhus University,74.9,81.7,43.3,63.8,,47.1,71,
2015,108,Lomonosov Moscow State University,84.2,n/a,99.6,82.1,,56.1,n/a,
2015,109,Queen Mary University of London,63.4,57.5,72.4,57.4,,99.3,96.6,
2015,=110,Washington University in St. Louis,60.4,76.7,99.9,n/a,,58.7,n/a,
2015,=110,Zhejiang University,80.2,90.3,n/a,80.1,,n/a,n/a,
2015,112,Technical University of Denmark,44.1,80.2,95.4,52.9,,74.8,97.1,
2015,=113,The University of Adelaide,75.2,53.9,42.2,76.5,,98.6,93.5,
2015,=113,University of Science and Technology of China,72.1,97.9,62.8,48.7,,n/a,n/a,
2015,115,Université de Montréal,79.5,62,n/a,75.6,,80.1,85,
2015,116,The Hong Kong Polytechnic University,69.1,70.5,47,59.6,,82,99.3,
2015,117,Eindhoven University of Technology,50.5,69.6,99.4,57.3,,n/a,100,
2015,118,Sungkyunkwan University (SKKU),68.9,43.5,86.9,99.4,,n/a,n/a,
2015,119,Freie Universitaet Berlin,93.3,61.3,n/a,62.7,,54.6,60.1,
2015,120,Nagoya University,73.7,45.7,93.7,58,,n/a,n/a,
2015,121,Lancaster University,59.1,82.3,45.1,69.2,,95.8,91.4,
2015,122,Cardiff University,63.8,53.8,66.8,73.3,,85.7,71.7,
2015,123,University of Minnesota Twin Cities,84.1,97.4,n/a,46.3,,37.6,n/a,
2015,=124,Universidad de Buenos Aires (UBA),95.7,n/a,61.4,98.9,,38,30.4,
2015,=124,Ghent University,71.5,40.9,90.3,54.9,,n/a,55.8,
2015,=126,Erasmus University Rotterdam,55.1,67.1,65.7,90.4,,65.3,69.2,
2015,=126,Humboldt-Universität zu Berlin,96.6,41.7,n/a,76.6,,42.8,55.4,
2015,=126,"University of Maryland, College Park",70,82.3,63.3,n/a,,37,31.2,
2015,129,"University of California, Santa Barbara (UCSB)",84.4,100,n/a,n/a,,44.7,62.7,
2015,=130,University of Southern California,70.4,76.7,42.9,65.1,,74.1,34.8,
2015,=130,Nanjing University,76.7,86.5,n/a,63.6,,n/a,38.7,
2015,132,Chalmers University of Technology,48.6,76.3,71.9,86.5,,44.6,78.7,
2015,=133,Albert-Ludwigs-Universitaet Freiburg,74.1,64.7,59.3,n/a,,45.4,58.3,
2015,=133,University of Pittsburgh,58.2,67.6,93.8,n/a,,n/a,64.6,
2015,=135,Wageningen University & Research,55.6,52.9,99.9,40,,86.5,42.8,
2015,=135,University of Oslo,71.5,61.1,61.3,45.4,,45.4,67,
2015,=137,University of Aberdeen,53.6,64.1,65.3,63.3,,94.4,93.4,
2015,=137,Université Pierre et Marie Curie (UPMC),72.3,89.4,n/a,52.3,,53.2,36.4,
2015,=139,University of Basel,54.5,96.6,n/a,48.3,,85.1,100,
2015,=139,Aalto University,50.5,63.5,92.6,58.5,,38.7,75.6,
2015,=139,Hokkaido University,69.8,48.4,85.8,64.7,,n/a,n/a,
2015,142,Kyushu University,69.3,n/a,98.8,66.4,,n/a,n/a,
2015,=143,University of Lausanne,53.2,38.5,95.2,55,,77.9,97.6,
2015,=143,Universidade de São Paulo,95.3,n/a,n/a,94.6,,n/a,n/a,
2015,145,RWTH Aachen University,78.5,53,n/a,97.6,,50.7,31.4,
2015,146,Universiti Malaya (UM),62,n/a,94.1,56.8,,77.3,80.6,
2015,147,Indian Institute of Science,52.5,99.3,84.4,39.7,,n/a,n/a,
2015,148,The Hebrew University of Jerusalem,66.9,59.4,82.5,n/a,,n/a,52,
2015,=149,Université catholique de Louvain (UCLouvain),76.5,n/a,55.2,72.4,,65.4,78.9,
2015,=149,McMaster University,61.7,53.3,64.6,60.2,,50.6,91.5,
2015,151,University of Liverpool,55.1,50.1,66.8,69.5,,95.1,76.9,
2015,152,University of Waterloo,61,88.6,n/a,79.4,,75.7,78.3,
2015,153,University of Vienna,82.5,n/a,n/a,57.9,,93.4,94.8,
2015,154,University College Dublin,62.2,63.1,n/a,72.4,,63.7,90.9,
2015,155,National Tsing Hua University - NTHU,65.2,99.8,n/a,49,,n/a,39.1,
2015,=156,CentraleSupélec,n/a,74.3,86.7,100,,94.9,n/a,
2015,=156,University of Reading,51.1,67.7,51.5,68.2,,89.7,86.6,
2015,158,Dartmouth College,41.1,83.8,86.4,65.3,,51.6,n/a,
2015,=159,University of Bath,51.3,68.3,n/a,89,,90.4,90.5,
2015,=159,Texas A&M University,76.3,89.8,n/a,68.3,,n/a,n/a,
2015,160,Universidad Nacional Autónoma de México (UNAM),95.9,n/a,49.4,92.5,,n/a,n/a,
2015,161,University of Exeter,52,66.9,44.3,76.7,,87.1,85.2,
2015,162,Newcastle University,49.6,55.8,61.8,73.2,,88.6,83.4,
2015,163,"University of California, Irvine",63.3,95.7,n/a,40.9,,69.9,52.8,
2015,164,Michigan State University,69.8,70.8,n/a,59.5,,55.6,61.5,
2015,165,Emory University,41.8,89.6,85.1,n/a,,45.2,45,
2015,=166,University of Bern,43.8,99.9,46.3,45.4,,43.5,99.4,
2015,=166,Universitat de Barcelona,86.9,38.8,n/a,74.1,,n/a,n/a,
2015,168,University of Göttingen,74.2,n/a,74.9,n/a,,37.9,44.5,
2015,169,Maastricht University,37.5,60.6,71.5,68.8,,99.9,94.8,
2015,170,Pontificia Universidad Católica de Chile (UC),90.7,n/a,n/a,98.3,,n/a,n/a,
2015,171,University of Cape Town,68.9,53.3,n/a,60.6,,52.5,70.1,
2015,172,University of Virginia,53.7,62.6,70.9,49.7,,35.9,53.4,
2015,=173,University of Otago,62.7,60.4,n/a,53.8,,66,100,
2015,=173,Eberhard Karls Universität Tübingen,64.5,n/a,82.4,51.4,,n/a,47.2,
2015,175,University of Colorado Boulder,56,61.5,70.1,51.6,,n/a,40.2,
2015,176,Vrije Universiteit Amsterdam,64.3,66.1,n/a,66.8,,n/a,44.3,
2015,177,Radboud University,47,85.1,60,42.2,,38.8,52.2,
2015,178,Technische Universität Berlin (TU Berlin),70.5,n/a,n/a,82.3,,56.9,39.2,
2015,179,Indian Institute of Technology Delhi (IITD),55.3,96.2,n/a,81.6,,n/a,n/a,
2015,180,University of Florida,65.3,48.3,68.2,44.6,,n/a,n/a,
2015,181,University of Bergen,47.3,59,86.4,n/a,,n/a,78.9,
2015,=182,Queen's University Belfast,49.9,50.1,52.4,56.6,,94,97.8,
2015,=182,National Chiao Tung University,37.5,96.5,64.9,n/a,,63.1,49,
2015,=182,Stockholm University,76.9,53.3,n/a,50.8,,n/a,n/a,
2015,185,University of Illinois Chicago (UIC),59,59.5,47.5,46.7,,57.7,61.3,
2015,186,Universidad Autónoma de Madrid,72.5,37.8,51.3,68.6,,n/a,n/a,
2015,=187,University of Sussex,48.4,77,n/a,n/a,,96.9,100,
2015,=187,Politecnico di Milano,64.7,66.7,n/a,89.8,,48.5,38.2,
2015,=188,University of Twente,37.4,97.5,44.3,39.6,,73.4,81.1,
2015,=188,École Normale Supérieure de Lyon,58.3,n/a,100,n/a,,38.4,53.9,
2015,=190,University of Rochester,38.9,59.3,99.9,n/a,,77.8,35.9,
2015,=190,Universitat Autònoma de Barcelona,78,50.3,n/a,47.5,,n/a,n/a,
2015,192,Western University,50.3,78.5,n/a,62.3,,57.9,95.5,
2015,193,Hanyang University,44.3,n/a,94.5,67.8,,53.2,n/a,
2015,194,Vrije Universiteit Brussel (VUB),41.4,n/a,95,64.1,,69.4,77.1,
2015,=195,University of Notre Dame,42.2,84.1,50.4,48.2,,n/a,83.5,
2015,=195,Universidade Estadual de Campinas (Unicamp),75.1,43.4,n/a,79.9,,n/a,n/a,
2015,197,Technische Universität Wien,47.2,90.8,n/a,71.1,,87.4,62.3,
2015,198,Technion - Israel Institute of Technology,54.2,87.5,n/a,42.4,,n/a,60,
2015,199,KFUPM,37.2,39.4,83.9,51.7,,73.9,100,
2015,202,Indian Institute of Technology Bombay (IITB),62.3,65.6,n/a,87.5,,n/a,n/a,
2015,203,Tel Aviv University,58,98.9,n/a,47.9,,n/a,34.3,
2015,=204,University of Calgary,54.9,53.3,n/a,67.6,,64.7,69.1,
2015,=204,Alma Mater Studiorum - Università di Bologna,87.5,n/a,n/a,62.9,,n/a,n/a,
2015,206,Queen's University at Kingston,53.8,75.4,n/a,67.5,,n/a,78.6,
2015,207,Universite libre de Bruxelles,56.4,n/a,n/a,62.3,,94.9,93.8,
2015,208,University of Antwerp,43.4,n/a,95.3,40.5,,51.6,65,
2015,209,Universidad de Chile,84.6,n/a,n/a,92.8,,n/a,n/a,
2015,210,Rheinische Friedrich-Wilhelms-Universität Bonn,67.1,n/a,60.3,39.4,,39.1,n/a,
2015,211,University of Canterbury | Te Whare Wānanga o Waitaha,49.1,61.2,n/a,57.8,,61.9,99,
2015,212,Waseda University,73.3,n/a,n/a,85.3,,40.2,35.6,
2015,=213,Georgetown University,49.8,38.3,58.7,66.5,,54.3,44.7,
2015,=213,Sapienza University of Rome,85.7,44.9,n/a,54.4,,n/a,n/a,
2015,215,Case Western Reserve University,n/a,65.6,97.7,n/a,,65.3,36.5,
2015,=216,Vanderbilt University,46.6,43.4,100,n/a,,n/a,n/a,
2015,=216,The University of Arizona,61,71.9,n/a,n/a,,n/a,n/a,
2015,218,University of Technology Sydney,48.6,42.3,n/a,85.9,,93.2,95.6,
2015,=219,Universität Hamburg,68.9,n/a,n/a,55.4,,37,n/a,
2015,=219,University of Tsukuba,52.1,n/a,79,45.8,,n/a,n/a,
2015,=219,Keio University,65.8,n/a,57.5,82.3,,n/a,n/a,
2015,222,Université Paris-Sorbonne (Paris IV),86,n/a,n/a,78.6,,52,31.2,
2015,223,Sciences Po,36.8,n/a,92.6,78.3,,97.2,64.1,
2015,224,National Cheng Kung University (NCKU),49.7,68.9,51,n/a,,n/a,n/a,
2015,225,Simon Fraser University,41.6,88.2,n/a,45.3,,91.7,93.5,
2015,226,Complutense University of Madrid,76.9,n/a,n/a,79,,38.6,n/a,
2015,227,Technische Universität Dresden,49.2,81.4,n/a,67.8,,42.2,30.7,
2015,228,Loughborough University,38.9,59.4,n/a,69,,71.5,79.9,
2015,=229,"Macquarie University (Sydney, Australia)",48.4,58.8,n/a,63.6,,78.3,100,
2015,=229,Victoria University of Wellington,51.2,54.1,n/a,58.4,,66.1,100,
2015,231,"Royal Holloway, University of London",n/a,77.9,n/a,n/a,,98,97.7,
2015,232,Beijing Normal University,56.4,45.8,42.2,48.7,,n/a,58.6,
2015,=233,University College Cork,44.4,47.4,43.2,60.7,,47.8,92.1,
2015,=233,University of Turku,41.9,n/a,92.5,65.3,,n/a,33.8,
2015,=235,University of Leicester,32.8,50,64,40.1,,97.1,80,
2015,237,King Saud University,42.2,n/a,90.2,45.9,,n/a,97.6,
2015,238,Tecnológico de Monterrey,43.6,n/a,71.5,93.2,,47.7,83.3,
2015,239,University of East Anglia (UEA),36.7,78.9,n/a,n/a,,85.6,71.3,
2015,240,Université Paris 1 Panthéon-Sorbonne,81.1,n/a,n/a,90.7,,64.5,n/a,
2015,=241,Université de Strasbourg,72.3,37.3,n/a,n/a,,54.2,42.3,
2015,=241,Université Paris-Saclay,46.3,46.3,66.4,n/a,,48.6,37.3,
2015,=243,University of Wollongong,n/a,63.9,n/a,78.6,,69.6,99.9,
2015,=243,Goethe-University Frankfurt am Main,64.7,n/a,n/a,64.1,,53.6,n/a,
2015,=243,University of Massachusetts Amherst,53.7,76.9,n/a,42.6,,n/a,n/a,
2015,246,Technical University of Darmstadt,34.2,78.7,n/a,88.1,,59.1,59.9,
2015,=247,University of Surrey,34.8,49.4,47.1,46.8,,97.7,94.5,
2015,=247,University of Gothenburg,52.8,38.8,53.4,45,,n/a,35.8,
2015,=249,University of Strathclyde,37.4,50.1,n/a,69.5,,73.8,85.9,
2015,=249,Arizona State University,60.3,75.1,n/a,n/a,,39.9,n/a,
2015,251,Universität Stuttgart,44.2,n/a,64.7,62.6,,69.2,38.1,
2015,252,Tufts University,n/a,80.4,64,n/a,,45.4,30.1,
2015,253,Chulalongkorn University,76.3,n/a,n/a,59,,n/a,n/a,
2015,=254,Norwegian University of Science And Technology,43.4,56.9,n/a,52.9,,41.1,75.9,
2015,=254,Indian Institute of Technology Madras (IITM),41.4,82.3,n/a,66.9,,n/a,n/a,
2015,=256,"The University of Newcastle, Australia (UON)",43,49.1,n/a,59.3,,52.5,96.3,
2015,=256,Saint Petersburg State University,49.3,n/a,97,46.7,,n/a,n/a,
2015,=256,University of Münster,49.7,n/a,54,69.8,,n/a,n/a,
2015,259,Ben-Gurion University of The Negev,n/a,67.1,49,n/a,,60.1,85.2,
2015,260,National Taiwan University of Science and Technology (Taiwan Tech),34.8,58.2,74.7,n/a,,n/a,n/a,
2015,=261,University of Dundee,34.5,n/a,79.4,n/a,,79.6,84.2,
2015,=261,Université Diderot Paris 7,65.8,56.6,n/a,n/a,,47.2,38.4,
2015,=263,Queensland University of Technology (QUT),47.7,38.1,n/a,71.6,,54.6,95.6,
2015,=263,Indiana University Bloomington,61.6,n/a,n/a,55,,n/a,n/a,
2015,=265,Université de Liège,n/a,73.5,48.8,n/a,,66,n/a,
2015,=265,University of Navarra,34.4,n/a,84.2,85.2,,49.6,n/a,
2015,=265,"University of California, Riverside",n/a,87.1,n/a,45.3,,36.1,89,
2015,268,American University of Beirut (AUB),n/a,n/a,62.7,92.9,,73.7,98.9,
2015,=269,Rutgers University–New Brunswick,52.7,51.3,n/a,n/a,,n/a,n/a,
2015,=269,"University of California, Santa Cruz",40.1,93,n/a,n/a,,n/a,75.8,
2015,=271,University of Galway,34.4,n/a,72.3,45.3,,53.4,89.2,
2015,=271,Indian Institute of Technology Kanpur (IITK),45.4,66.5,n/a,59.7,,n/a,n/a,
2015,=273,RMIT University,44.5,n/a,n/a,85.3,,80.7,100,
2015,=273,Wuhan University,49.9,50.6,n/a,45,,n/a,64.6,
2015,=275,SOAS University of London,42.2,n/a,52.2,n/a,,100,100,
2015,=275,Al-Farabi Kazakh National University,47.6,n/a,92.2,44.7,,n/a,n/a,
2015,=277,Dalhousie University,37,72,n/a,n/a,,63.2,99.8,
2015,=277,Nankai University,40,75.2,43.2,n/a,,n/a,n/a,
2015,279,Charles University,57.9,n/a,48.6,55.9,,48.1,n/a,
2015,281,Hong Kong Baptist University,n/a,55.4,52.5,n/a,,90.2,98.4,
2015,282,Boston College,34.7,65.5,n/a,55.7,,n/a,94,
2015,283,Universidad de los Andes,65.5,n/a,n/a,87.7,,n/a,34.8,
2015,=284,Curtin University,38.9,39.5,n/a,54.3,,72.7,100,
2015,=284,University of Ottawa,46.7,63.2,n/a,n/a,,49.2,75.3,
2015,=286,Linköping University,n/a,n/a,72.8,60.6,,n/a,37.2,
2015,=286,Indian Institute of Technology Kharagpur (IIT-KGP),37.2,91.3,n/a,61.7,,n/a,n/a,
2015,288,University of South Australia,34,42.6,n/a,57.9,,61,100,
2015,289,Universiti Sains Malaysia (USM),50.2,n/a,44.3,41.1,,n/a,n/a,
2015,=290,"Birkbeck, University of London",n/a,76,n/a,n/a,,97.8,93.4,
2015,=290,Universidad Nacional de Colombia,71.2,n/a,n/a,92.1,,n/a,n/a,
2015,291,Harbin Institute of Technology,n/a,78.3,49.4,n/a,,n/a,n/a,
2015,292,Friedrich-Alexander-Universität Erlangen-Nürnberg,38.4,98.5,n/a,39.3,,n/a,30.6,
2015,=293,ENS Paris-Saclay,n/a,43.8,91.7,n/a,,n/a,n/a,
2015,=293,Tilburg University,n/a,72.5,n/a,53.9,,n/a,78.3,
2015,=295,Universität Innsbruck,43.5,n/a,n/a,39.7,,98.6,95.2,
2015,=295,Universitat Pompeu Fabra (Barcelona),42.4,51.4,n/a,n/a,,39.8,80.7,
2015,=295,Kyung Hee University,34,n/a,72.6,60.3,,39.6,n/a,
2015,=295,Mahidol University,49.1,n/a,85,n/a,,n/a,n/a,
2015,299,Universitat Politècnica de Catalunya · BarcelonaTech (UPC),43,n/a,62.1,42.9,,n/a,n/a,
2015,301,"City St George's, University of London (formally City)",n/a,37.9,n/a,79.4,,100,92.9,
2015,=303,"Essex, University of",n/a,55,n/a,n/a,,99.7,98.4,
2015,=303,King Abdulaziz University (KAU),34.4,n/a,70.3,n/a,,69.9,96.7,
2015,=303,Universiti Teknologi Malaysia,32.8,n/a,77.9,n/a,,66.4,74,
2015,306,University of Milan,61.7,39.2,n/a,43.1,,n/a,n/a,
2015,307,Sun Yat-sen University,45.3,58.2,n/a,42.2,,n/a,43,
2015,308,University of Porto,49.3,61.9,n/a,39.9,,n/a,n/a,
2015,=309,North Carolina State University,36.1,65.3,n/a,n/a,,41.6,33.8,
2015,=309,Universidad Austral,36.5,n/a,92.9,65.4,,n/a,n/a,
2015,=309,Università di Padova,64.3,n/a,n/a,n/a,,n/a,n/a,
2015,=312,University of Iowa,40.4,51.3,52.4,n/a,,39.5,n/a,
2015,=312,Universiti Kebangsaan Malaysia (UKM),49,n/a,50.1,n/a,,n/a,72.9,
2015,=314,Politecnico di Torino,38.8,77.2,n/a,64.1,,53.7,n/a,
2015,=314,Universidad Carlos III de Madrid (UC3M),41.8,n/a,62,63.7,,n/a,36.6,
2015,317,Novosibirsk State University,35.1,n/a,89,43.6,,45.6,n/a,
2015,318,Heriot-Watt University,n/a,45.2,n/a,63,,99.9,96.7,
2015,=319,University of Victoria (UVic),n/a,81.1,n/a,n/a,,44.3,84.4,
2015,=319,Universität Konstanz,42.9,n/a,45.2,n/a,,n/a,59.2,
2015,=319,University of Jyväskylä,n/a,n/a,88.7,n/a,,n/a,40.5,
2015,=319,Umea University,n/a,n/a,84,n/a,,n/a,35.1,
2015,323,Universidade Federal do Rio de Janeiro,65.6,n/a,n/a,n/a,,n/a,n/a,
2015,=324,Oxford Brookes University,39.3,n/a,n/a,81.4,,83.6,65.8,
2015,=324,Deakin University,41.2,40.5,n/a,54.5,,55.6,98.2,
2015,=324,Université Laval,37.6,38.9,n/a,39.9,,38.9,67.7,
2015,=327,George Washington University,41.5,n/a,n/a,50.8,,49.5,n/a,
2015,=327,University of Hawaiʻi at Mānoa,n/a,46.3,67.6,n/a,,n/a,64.6,
2015,=329,University of St.Gallen (HSG),n/a,65.2,n/a,95.2,,96,100,
2015,=329,Griffith University,34.8,42.1,n/a,47.9,,69.2,96.7,
2015,=331,Brunel University of London,n/a,56.2,n/a,40.6,,98.9,95.5,
2015,=331,Universiti Putra Malaysia (UPM),43.5,n/a,48.1,n/a,,57.2,44.5,
2015,=331,University of Cologne,52.3,n/a,n/a,67.5,,n/a,n/a,
2015,=331,University of Witwatersrand,41.6,36.9,n/a,43.3,,n/a,88.7,
2015,=331,Xi’an Jiaotong University,33.1,45.1,56.9,46,,n/a,n/a,
2015,337,Massey University,38.7,n/a,n/a,41.2,,48.3,95.1,
2015,=338,University of Waikato,n/a,53.6,n/a,49.6,,77.8,96.4,
2015,=338,University at Buffalo SUNY,n/a,78.5,n/a,n/a,,72.7,70,
2015,=338,Ulm University,n/a,59.3,79.5,n/a,,n/a,48.4,
2015,=338,Virginia Polytechnic Institute and State University,38.7,48.5,n/a,42,,n/a,n/a,
2015,=338,National Yang Ming University,n/a,45.8,99.4,n/a,,n/a,n/a,
2015,=338,Bauman Moscow State Technical University,n/a,n/a,99.8,65.5,,n/a,n/a,
2015,344,University of Warsaw,50.9,n/a,n/a,64.4,,n/a,n/a,
2015,=345,Tongji University,37.2,45.2,n/a,46.6,,n/a,48.9,
2015,=345,The American University in Cairo,36.8,n/a,49.2,77.4,,n/a,93,
2015,346,Aston University,n/a,51,n/a,53.5,,93,93.3,
2015,347,University of Eastern Finland,n/a,n/a,77.5,n/a,,n/a,46,
2015,=348,Rensselaer Polytechnic Institute,n/a,98.1,n/a,n/a,,49.2,n/a,
2015,=348,Hiroshima University,33.8,n/a,88.1,n/a,,n/a,n/a,
2015,350,Pontificia Universidad Católica Argentina,35.5,n/a,69,86.2,,n/a,n/a,
2015,=351,Universität Bremen,39.5,n/a,53.7,n/a,,n/a,42.6,
2015,=351,Universidade Nova de Lisboa,35.7,n/a,48,51.7,,n/a,39.5,
2015,353,Dublin City University,n/a,n/a,48.1,49,,58.8,84.5,
2015,354,Ewha Womans University,n/a,n/a,78.5,n/a,,n/a,n/a,
2015,355,Iowa State University,36.4,71,n/a,n/a,,n/a,n/a,
2015,=356,Aalborg University,33.5,n/a,n/a,57.6,,48.7,69.4,
2015,=356,Tampere University of Technology,n/a,n/a,89.2,n/a,,n/a,72.7,
2015,=358,University of Oulu,n/a,43.1,61.4,n/a,,n/a,42.4,
2015,=358,Universitas Indonesia,50.5,n/a,43.6,61.3,,n/a,38.7,
2015,360,University of Kent,n/a,n/a,n/a,n/a,,89.1,94.8,
2015,=361,University of Southern Denmark (SDU),n/a,n/a,47,n/a,,54.6,73.5,
2015,=361,Aix-Marseille University,58.3,n/a,n/a,n/a,,44.8,n/a,
2015,=361,Washington State University,39.1,40.6,n/a,n/a,,n/a,67.1,
2015,=361,Kobe University,38.4,n/a,65.2,n/a,,n/a,n/a,
2015,365,Northeastern University,n/a,47.1,n/a,49,,88.7,35.7,
2015,366,Leibniz University Hannover,n/a,91.8,n/a,41.1,,n/a,n/a,
2015,=367,University of Coimbra,44,37.2,n/a,n/a,,n/a,n/a,
2015,=367,University of Pisa,59.4,n/a,n/a,n/a,,n/a,n/a,
2015,=369,University of Utah,n/a,68.5,45,n/a,,n/a,n/a,
2015,371,L.N. Gumilyov Eurasian National University (ENU),n/a,n/a,99.9,n/a,,n/a,n/a,
2015,372,"Stony Brook University, State University of New York",n/a,49.4,50.5,n/a,,84.6,n/a,
2015,=373,Lincoln University,n/a,38.9,70.6,n/a,,88.3,81.7,
2015,=373,American University,34.9,n/a,43.3,70,,38.3,n/a,
2015,375,Johannes Gutenberg Universität Mainz,36.4,n/a,49.2,n/a,,n/a,37.3,
2015,=376,National Taiwan Normal University (NTNU),40.5,n/a,53.3,n/a,,56.5,n/a,
2015,=376,Université de Montpellier,45.2,45.1,n/a,n/a,,40.1,n/a,
2015,=376,National Technical University of Athens,33,59,n/a,64.4,,n/a,n/a,
2015,=379,University of Tasmania,n/a,42.5,n/a,n/a,,79,85.1,
2015,=379,National Sun Yat-sen University,32.7,69.4,n/a,n/a,,n/a,n/a,
2015,=381,Brandeis University,n/a,63.4,n/a,40.6,,75.7,n/a,
2015,=381,Universität Jena,n/a,n/a,70.1,n/a,,n/a,n/a,
2015,=381,Beihang University (former BUAA),n/a,58.5,51.8,n/a,,n/a,n/a,
2015,=384,University of Stirling,n/a,62.2,n/a,n/a,,67.8,71.5,
2015,=384,Universität Leipzig,41,63.1,n/a,n/a,,n/a,n/a,
2015,=384,Yeshiva University,n/a,64.3,97.8,n/a,,n/a,n/a,
2015,=387,Institut National des Sciences Appliquées de Lyon (INSA),n/a,n/a,59.5,68.7,,84.1,41,
2015,=387,Université Paris Descartes,37.8,45.1,n/a,n/a,,46.6,n/a,
2015,=387,James Cook University,n/a,48.7,n/a,n/a,,45.5,91.4,
2015,390,University of Connecticut,n/a,66.3,n/a,n/a,,n/a,84.4,
2015,=391,Tokyo Medical and Dental University (TMDU),n/a,n/a,100,n/a,,n/a,n/a,
2015,=391,Indian Institute of Technology Roorkee (IITR),n/a,91.6,n/a,n/a,,n/a,n/a,
2015,393,University of Kansas,n/a,n/a,76.4,n/a,,n/a,n/a,
2015,=394,La Trobe University,n/a,n/a,n/a,41,,92.1,93.7,
2015,=394,Universität Mannheim,n/a,n/a,n/a,88.5,,50.8,32.6,
2015,=394,Bilkent University,34.7,37.4,n/a,44.5,,n/a,59.2,
2015,=397,MGIMO University,n/a,n/a,97.6,47.9,,43.2,n/a,
2015,=397,Université Paul Sabatier Toulouse III,42.3,n/a,61.9,n/a,,n/a,n/a,
2015,=397,National Central University,n/a,54.8,43.1,n/a,,n/a,n/a,
2015,=400,Swansea University,n/a,41.9,46.4,n/a,,71.3,63.9,
2015,=400,University of Tartu,n/a,n/a,67.5,n/a,,n/a,n/a,
2015,401-410,Beijing Institute of Technology,n/a,44.9,n/a,39.8,,n/a,n/a,
2015,401-410,Christian-Albrechts-University zu Kiel,n/a,n/a,56.8,n/a,,n/a,n/a,
2015,401-410,Florida State University,37.1,62,n/a,n/a,,n/a,n/a,
2015,401-410,Julius-Maximilians-Universität Würzburg,n/a,63,n/a,n/a,,n/a,35.3,
2015,401-410,Pontificia Universidad Javeriana,49.7,n/a,n/a,73.1,,n/a,n/a,
2015,401-410,Stellenbosch University,39.9,81.5,n/a,n/a,,n/a,57,
2015,401-410,The University of Georgia,34.4,48.2,n/a,n/a,,n/a,n/a,
2015,401-410,"University of Rome ""Tor Vergata""",47.1,n/a,n/a,n/a,,40.9,n/a,
2015,401-410,University of Texas at Dallas,n/a,92.6,n/a,n/a,,57.6,n/a,
2015,401-410,University of the Philippines,47,n/a,45.3,62.4,,n/a,n/a,
2015,401-410,Xiamen University,34.1,47.9,n/a,n/a,,n/a,n/a,
2015,411-420,American University of Sharjah,n/a,n/a,n/a,64.4,,100,100,
2015,411-420,Bangor University,n/a,54,n/a,n/a,,71.3,69.5,
2015,411-420,Colorado State University,n/a,56.9,n/a,39,,n/a,n/a,
2015,411-420,Concordia University,n/a,41,n/a,55.9,,86.7,69.1,
2015,411-420,Jagiellonian University,41.3,n/a,50.1,51.2,,n/a,n/a,
2015,411-420,Shanghai University,38.5,n/a,n/a,45.6,,n/a,n/a,
2015,411-420,Universidad de Belgrano (UB),n/a,n/a,70.3,67,,85.7,n/a,
2015,411-420,Universitat Politecnica de Valencia,33.1,n/a,n/a,45.2,,n/a,n/a,
2015,411-420,University of Florence,53.3,n/a,n/a,n/a,,n/a,n/a,
2015,411-420,"University of Colorado, Denver",n/a,n/a,100,n/a,,n/a,n/a,
2015,421-430,Belarusian State University,n/a,n/a,88.7,n/a,,n/a,n/a,
2015,421-430,Ruhr-Universität Bochum,36.6,n/a,n/a,n/a,,41.6,39.6,
2015,421-430,Sogang University,n/a,n/a,50.5,49.7,,n/a,n/a,
2015,421-430,Taipei Medical University (TMU),n/a,n/a,63.3,n/a,,n/a,n/a,
2015,421-430,Taras Shevchenko National University of Kyiv,34.8,n/a,80.6,n/a,,n/a,n/a,
2015,421-430,Tianjin University,n/a,51.3,45.4,n/a,,n/a,n/a,
2015,421-430,United Arab Emirates University,n/a,n/a,n/a,n/a,,86.8,100,
2015,421-430,University of Delaware,n/a,86.1,n/a,n/a,,n/a,39.7,
2015,421-430,University of Tromsø The Arctic University of Norway,n/a,n/a,92.5,n/a,,n/a,n/a,
2015,431-440,Institut Teknologi Bandung (ITB),51.4,n/a,n/a,59,,n/a,n/a,
2015,431-440,Illinois Institute of Technology,n/a,46.4,n/a,n/a,,100,n/a,
2015,431-440,Karl-Franzens-Universitaet Graz,38.5,n/a,n/a,n/a,,38.9,56.8,
2015,431-440,Middle East Technical University,40.6,n/a,n/a,57.7,,n/a,n/a,
2015,431-440,Moscow Institute of Physics and Technology (MIPT / Moscow Phystech),n/a,n/a,99.1,n/a,,38,n/a,
2015,431-440,Oregon State University,n/a,42.3,n/a,n/a,,n/a,58.5,
2015,431-440,University of Trento,32.7,60.5,n/a,n/a,,n/a,45.5,
2015,431-440,Université du Québec,42,n/a,n/a,46,,n/a,n/a,
2015,431-440,"University of Maryland, Baltimore County",n/a,85.9,n/a,n/a,,n/a,n/a,
2015,431-440,University of New Mexico,n/a,40.2,56.2,n/a,,n/a,n/a,
2015,441-450,Abo Akademi University,n/a,44.1,42.4,n/a,,51.9,45,
2015,441-450,Bogaziçi Üniversitesi,n/a,45,n/a,52.5,,n/a,30.5,
2015,441-450,Huazhong University of Science and Technology,n/a,53.9,n/a,n/a,,n/a,n/a,
2015,441-450,Pusan National University,34.3,n/a,43.3,n/a,,n/a,n/a,
2015,441-450,Renmin (People's) University of China,37.8,n/a,43.9,52.6,,n/a,n/a,
2015,441-450,Sabanci University,n/a,n/a,53.4,n/a,,n/a,52.6,
2015,441-450,Universidad Externado de Colombia,n/a,n/a,99.6,50.8,,n/a,n/a,
2015,441-450,University of Naples - Federico II,41.5,55.5,n/a,n/a,,n/a,n/a,
2015,441-450,University of Bordeaux,47.8,n/a,n/a,n/a,,n/a,n/a,
2015,441-450,University of Tampere,n/a,n/a,58,n/a,,n/a,n/a,
2015,441-450,York University,39.5,n/a,n/a,49.5,,n/a,36.7,
2015,451-460,Czech Technical University in Prague,32.9,n/a,n/a,68.7,,39.4,n/a,
2015,451-460,"Goldsmiths, University of London",35.3,n/a,n/a,n/a,,98.1,79.3,
2015,451-460,Indian Institute of Technology Guwahati (IITG),n/a,74.9,n/a,n/a,,n/a,n/a,
2015,451-460,Jilin University,n/a,38,n/a,n/a,,n/a,n/a,
2015,451-460,Universidad de Santiago de Chile (USACH),51,n/a,n/a,65.3,,n/a,n/a,
2015,451-460,Universidade Federal do Rio Grande Do Sul,38.8,n/a,n/a,n/a,,n/a,100,
2015,451-460,University of Bayreuth,n/a,n/a,47.8,n/a,,n/a,39.7,
2015,451-460,University of Nebraska - Lincoln,n/a,45.7,n/a,n/a,,n/a,72.7,
2015,451-460,University of Saskatchewan,n/a,42.2,n/a,n/a,,50.8,42.3,
2015,451-460,"The University of Tennessee, Knoxville",n/a,55.1,48.2,n/a,,n/a,n/a,
2015,461-470,Aristotle University of Thessaloniki,41.5,37.4,n/a,40.3,,n/a,n/a,
2015,461-470,Chang Gung University,n/a,59.7,74.6,n/a,,n/a,n/a,
2015,461-470,Chung-Ang University (CAU),n/a,n/a,82.5,n/a,,36.7,n/a,
2015,461-470,City University of New York,48,n/a,n/a,n/a,,n/a,n/a,
2015,461-470,Universidad Politécnica de Madrid (UPM),n/a,n/a,46.5,53.7,,n/a,n/a,
2015,461-470,Southeast University,n/a,60.1,40.7,n/a,,n/a,n/a,
2015,461-470,University of Granada,45,n/a,n/a,n/a,,n/a,n/a,
2015,461-470,Universität Regensburg,n/a,43.3,n/a,n/a,,n/a,42.6,
2015,461-470,Wake Forest University,n/a,n/a,99.9,n/a,,n/a,n/a,
2015,471-480,East China University of Science and Technology,n/a,86.9,n/a,n/a,,n/a,n/a,
2015,471-480,Instituto Tecnológico de Buenos Aires (ITBA),n/a,n/a,81.1,54.5,,n/a,n/a,
2015,471-480,"Kingston University, London",n/a,n/a,n/a,59.1,,98.4,61.5,
2015,471-480,Sharif University of Technology,n/a,97.5,n/a,n/a,,n/a,n/a,
2015,471-480,Peter the Great St. Petersburg Polytechnic University,n/a,n/a,93.7,n/a,,n/a,n/a,
2015,471-480,Università Cattolica del Sacro Cuore,32.8,n/a,n/a,72.4,,n/a,n/a,
2015,471-480,University of Guelph,n/a,46.8,n/a,n/a,,n/a,50,
2015,471-480,University of Limerick,n/a,n/a,n/a,46.1,,n/a,93.6,
2015,471-480,University of Oklahoma,n/a,n/a,65.8,n/a,,n/a,37.2,
2015,481-490,Auckland University of Technology (AUT),n/a,n/a,n/a,43.9,,95.5,94,
2015,481-490,Khalifa University,n/a,n/a,84,n/a,,57.9,100,
2015,481-490,Koç University,n/a,n/a,41.4,n/a,,n/a,39.6,
2015,481-490,Qatar University,n/a,n/a,53.3,n/a,,99.7,100,
2015,481-490,National Research Tomsk Polytechnic University,n/a,n/a,91.4,n/a,,68.1,n/a,
2015,481-490,Tomsk State University,n/a,n/a,74,n/a,,46.6,n/a,
2015,481-490,UNESP,33.4,n/a,53.8,n/a,,n/a,n/a,
2015,481-490,Université Claude Bernard Lyon 1,38.1,37.5,n/a,n/a,,n/a,n/a,
2015,481-490,University of Delhi,50.5,n/a,n/a,72.1,,n/a,n/a,
2015,481-490,University of Lisbon,47,n/a,n/a,n/a,,n/a,n/a,
2015,491-500,Arabian Gulf University,n/a,n/a,73.7,n/a,,100,100,
2015,491-500,HUFS - Hankuk (Korea) University of Foreign Studies,n/a,n/a,70.7,43.2,,n/a,38.7,
2015,491-500,Philipps-Universität Marburg,n/a,n/a,n/a,n/a,,n/a,n/a,
2015,491-500,Pontificia Universidad Catolica del Peru (PUCP),47.9,n/a,n/a,48.3,,n/a,n/a,
2015,491-500,Sichuan University,n/a,n/a,n/a,n/a,,n/a,n/a,
2015,491-500,TU Dortmund University,n/a,n/a,n/a,55.3,,n/a,n/a,
2015,491-500,Tokyo Metropolitan University,n/a,71.3,n/a,n/a,,n/a,n/a,
2015,491-500,Tulane University,n/a,n/a,69.6,n/a,,n/a,n/a,
2015,491-500,Universidad de Palermo (UP),n/a,n/a,58.8,50,,93.1,40.1,
2015,491-500,Universidad de Zaragoza,n/a,n/a,47.8,n/a,,n/a,n/a,
2015,491-500,Universidade de Brasília,34.8,n/a,44,n/a,,n/a,n/a,
2015,491-500,Universidade Federal de São Paulo,n/a,n/a,74.3,n/a,,n/a,n/a,
2015,491-500,V. N. Karazin Kharkiv National University,n/a,n/a,81.8,n/a,,90.1,n/a,
2015,501-550,Aberystwyth University,n/a,n/a,n/a,n/a,,52.3,64.7,
2015,501-550,Ateneo de Manila University,32.8,n/a,46.1,55.3,,n/a,n/a,
2015,501-550,Bond University,n/a,n/a,52.1,n/a,,89.4,94,
2015,501-550,Cairo University,42.9,n/a,n/a,70.4,,n/a,n/a,
2015,501-550,Carleton University,n/a,42.9,n/a,n/a,,59.1,32.9,
2015,501-550,Jeonbuk National University,n/a,n/a,56.9,n/a,,n/a,n/a,
2015,501-550,Clark University,n/a,61.3,n/a,n/a,,77.8,n/a,
2015,501-550,Dongguk University,n/a,n/a,75.2,n/a,,n/a,n/a,
2015,501-550,Drexel University,n/a,n/a,47.8,n/a,,58.1,34.2,
2015,501-550,Flinders University,n/a,n/a,n/a,n/a,,51.4,n/a,
2015,501-550,Keele University,n/a,51,n/a,n/a,,60.2,65.3,
2015,501-550,Lehigh University,n/a,67.6,n/a,n/a,,52.3,n/a,
2015,501-550,Michigan Technological University,n/a,51,44.1,n/a,,47.9,n/a,
2015,501-550,Missouri University of Science and Technology,n/a,70.9,n/a,n/a,,49.5,74.9,
2015,501-550,National Chung Hsing University,n/a,59.7,n/a,n/a,,n/a,n/a,
2015,501-550,National Research Nuclear University MEPhI (Moscow Engineering Physics Institute),n/a,n/a,89,n/a,,n/a,n/a,
2015,501-550,HSE University,n/a,n/a,90.1,n/a,,n/a,n/a,
2015,501-550,National University of Sciences & Technology (NUST) Islamabad,n/a,n/a,75.4,40.9,,n/a,n/a,
2015,501-550,Pontifícia Universidade Católica de São Paulo,n/a,n/a,64.7,48.7,,n/a,n/a,
2015,501-550,Pontifícia Universidade Católica do Rio de Janeiro,43.3,n/a,n/a,40.3,,n/a,n/a,
2015,501-550,Rhodes University,n/a,61.7,n/a,n/a,,78.1,n/a,
2015,501-550,Sultan Qaboos University,n/a,n/a,66.9,n/a,,n/a,100,
2015,501-550,Swinburne University of Technology,n/a,n/a,n/a,46.7,,98.5,73.5,
2015,501-550,Syracuse University,n/a,n/a,n/a,n/a,,64.7,n/a,
2015,501-550,Technische Universität Braunschweig,n/a,n/a,64.6,n/a,,39.8,n/a,
2015,501-550,Universidad Católica Andres Bello,36.1,n/a,n/a,67.8,,n/a,n/a,
2015,501-550,Universidad de Costa Rica,42,n/a,n/a,47.9,,n/a,n/a,
2015,501-550,Universidad de San Andrés - UdeSA,n/a,n/a,81.6,49,,n/a,n/a,
2015,501-550,Universidad de Sevilla,41.4,n/a,n/a,n/a,,n/a,n/a,
2015,501-550,Universidad Nacional de La Plata (UNLP),49.8,n/a,n/a,44.2,,n/a,n/a,
2015,501-550,Università degli Studi di Pavia,n/a,46.9,n/a,n/a,,n/a,n/a,
2015,501-550,University of Turin,38.2,n/a,n/a,n/a,,n/a,n/a,
2015,501-550,Bielefeld University,35.6,n/a,n/a,n/a,,n/a,n/a,
2015,501-550,Universitat de Valencia,40.7,n/a,n/a,n/a,,n/a,n/a,
2015,501-550,Saarland University,n/a,n/a,n/a,n/a,,52.5,48.8,
2015,501-550,Université de Rennes 1,n/a,n/a,n/a,n/a,,n/a,n/a,
2015,501-550,University of Cincinnati,n/a,44.2,43.8,n/a,,n/a,n/a,
2015,501-550,University of Crete,n/a,63.2,n/a,n/a,,n/a,n/a,
2015,501-550,University of Houston,n/a,60.4,n/a,n/a,,n/a,n/a,
2015,501-550,"University of Missouri, Columbia",n/a,n/a,41.7,n/a,,n/a,45.4,
2015,501-550,University of Oregon,n/a,37.9,n/a,n/a,,42.7,n/a,
2015,501-550,University of Pretoria,37.9,n/a,n/a,48.6,,n/a,n/a,
2015,501-550,University of South Carolina,n/a,45.8,n/a,n/a,,n/a,37,
2015,501-550,University of South Florida,n/a,58.6,n/a,n/a,,n/a,58.2,
2015,501-550,University of Szeged,n/a,n/a,52,n/a,,38.4,n/a,
2015,501-550,Vilnius University,n/a,n/a,62.9,39.5,,n/a,n/a,
2015,501-550,Wayne State University,n/a,n/a,82.5,n/a,,n/a,n/a,
2015,551-600,American University in Dubai,n/a,n/a,n/a,62.3,,100,100,
2015,551-600,Charles Darwin University,n/a,44.2,n/a,n/a,,91.4,67,
2015,551-600,Chiang Mai University,35.9,n/a,n/a,n/a,,n/a,n/a,
2015,551-600,Chiba University,n/a,n/a,44.5,n/a,,n/a,n/a,
2015,551-600,William & Mary,n/a,n/a,44.8,n/a,,n/a,n/a,
2015,551-600,East China Normal University,n/a,n/a,n/a,n/a,,n/a,n/a,
2015,551-600,Inha University,n/a,n/a,70.9,n/a,,n/a,n/a,
2015,551-600,Instituto Tecnológico Autónomo de México (ITAM),n/a,n/a,n/a,58.3,,n/a,49.6,
2015,551-600,International Islamic University Malaysia (IIUM),n/a,n/a,n/a,n/a,,73.8,54.4,
2015,551-600,Istanbul Technical University,n/a,n/a,n/a,56.4,,n/a,n/a,
2015,551-600,Johannes Kepler University Linz,n/a,n/a,n/a,n/a,,n/a,73.9,
2015,551-600,Kanazawa University,n/a,n/a,57.3,n/a,,n/a,n/a,
2015,551-600,Satbayev University,n/a,n/a,86.7,n/a,,n/a,n/a,
2015,551-600,Kazan (Volga region) Federal University,n/a,n/a,75.3,n/a,,n/a,n/a,
2015,551-600,King Khalid University,n/a,n/a,62.4,n/a,,n/a,100,
2015,551-600,Martin-Luther-Universität Halle-Wittenberg,n/a,n/a,64.3,n/a,,n/a,n/a,
2015,551-600,Masaryk University,n/a,n/a,n/a,n/a,,59.2,n/a,
2015,551-600,Maynooth University,n/a,n/a,n/a,n/a,,n/a,88.3,
2015,551-600,Murdoch University,n/a,n/a,n/a,n/a,,49.6,90.9,
2015,551-600,Nagasaki University,n/a,n/a,87.2,n/a,,n/a,n/a,
2015,551-600,National Taipei University of Technology,n/a,37.9,52.5,n/a,,n/a,n/a,
2015,551-600,Okayama University,n/a,n/a,77.9,n/a,,n/a,n/a,
2015,551-600,Shandong University,n/a,n/a,n/a,n/a,,n/a,n/a,
2015,551-600,South China University of Technology,n/a,66.1,n/a,n/a,,n/a,n/a,
2015,551-600,The Catholic University of Korea,n/a,n/a,90,n/a,,n/a,n/a,
2015,551-600,Tokyo University of Agriculture and Technology,n/a,54,n/a,n/a,,n/a,n/a,
2015,551-600,Umm Al-Qura University,n/a,n/a,64.7,n/a,,n/a,99,
2015,551-600,University of Salamanca,34.7,n/a,n/a,n/a,,n/a,n/a,
2015,551-600,Universidad Nacional de Córdoba - UNC,46,n/a,n/a,50.2,,n/a,n/a,
2015,551-600,Universidade de Santiago de Compostela,n/a,n/a,n/a,n/a,,n/a,n/a,
2015,551-600,Universidade Federal de Minas Gerais (UFMG),39.2,n/a,n/a,n/a,,n/a,n/a,
2015,551-600,Gadjah Mada University,46.4,n/a,n/a,n/a,,n/a,n/a,
2015,551-600,Universität Duisburg-Essen,n/a,39.5,n/a,n/a,,56.1,n/a,
2015,551-600,University Duesseldorf,n/a,n/a,n/a,n/a,,44.2,n/a,
2015,551-600,Universität Rostock,n/a,87.9,n/a,n/a,,n/a,n/a,
2015,551-600,University of Bradford,n/a,n/a,n/a,n/a,,90.4,59,
2015,551-600,University of Canberra,n/a,n/a,n/a,n/a,,70.5,54.8,
2015,551-600,University of Hull,n/a,n/a,n/a,n/a,,54.8,62.1,
2015,551-600,University of Kentucky,n/a,53.8,n/a,n/a,,n/a,n/a,
2015,551-600,University of Kwazulu-Natal,n/a,n/a,n/a,n/a,,n/a,80.3,
2015,551-600,University of Ljubljana,n/a,n/a,n/a,n/a,,n/a,n/a,
2015,551-600,University of Manitoba,n/a,n/a,43.4,n/a,,42.4,n/a,
2015,551-600,University of Massachusetts Boston,n/a,n/a,n/a,n/a,,n/a,n/a,
2015,551-600,University of Mississippi,n/a,40.1,69.4,n/a,,n/a,n/a,
2015,551-600,University of Science and Technology Beijing,n/a,47.2,n/a,n/a,,n/a,n/a,
2015,551-600,University of Tehran,n/a,46.5,n/a,n/a,,n/a,n/a,
2015,551-600,Ulster University,n/a,n/a,n/a,n/a,,39,96.2,
2015,551-600,University of Vermont,n/a,n/a,72.2,n/a,,n/a,n/a,
2015,551-600,Worcester Polytechnic Institute,n/a,47,n/a,n/a,,73.7,n/a,
2015,601-650,Bar-Ilan University,n/a,42,n/a,n/a,,n/a,44.3,
2015,601-650,Brno University of Technology,n/a,n/a,n/a,55.8,,52.4,n/a,
2015,601-650,Clarkson University,n/a,66.4,n/a,n/a,,n/a,54.6,
2015,601-650,Technological University Dublin,n/a,n/a,n/a,41.7,,83.4,42.7,
2015,601-650,Eötvös Loránd University,n/a,n/a,n/a,n/a,,n/a,n/a,
2015,601-650,Instituto Politécnico Nacional (IPN),n/a,n/a,n/a,51.4,,n/a,n/a,
2015,601-650,Jordan University of Science & Technology,n/a,n/a,n/a,51.8,,82.4,n/a,
2015,601-650,Justus-Liebig-University Giessen,n/a,n/a,n/a,n/a,,n/a,n/a,
2015,601-650,Abai Kazakh National Pedagogical University (Abai University),n/a,n/a,79.8,n/a,,n/a,n/a,
2015,601-650,Kumamoto University,n/a,n/a,59,n/a,,n/a,n/a,
2015,601-650,Kyungpook National University,n/a,n/a,n/a,n/a,,n/a,n/a,
2015,601-650,Lanzhou University,n/a,65.3,n/a,n/a,,n/a,n/a,
2015,601-650,"Lingnan University, Hong Kong",n/a,n/a,n/a,n/a,,45.1,96.8,
2015,601-650,Louisiana State University,n/a,64.6,n/a,n/a,,n/a,n/a,
2015,601-650,Memorial University of Newfoundland,n/a,n/a,50.8,n/a,,43.2,n/a,
2015,601-650,National and Kapodistrian University of Athens,n/a,n/a,n/a,45.9,,n/a,n/a,
2015,601-650,National Research Saratov State University,n/a,n/a,100,n/a,,n/a,n/a,
2015,601-650,"National Technical University of Ukraine ""Igor Sikorsky Kyiv Polytechnic Institute""",n/a,n/a,62.1,n/a,,n/a,n/a,
2015,601-650,"The New School, New York City & Paris",n/a,n/a,64,n/a,,93.1,n/a,
2015,601-650,RUDN University,n/a,n/a,67.4,n/a,,91.3,n/a,
2015,601-650,Pontificia Universidad Católica de Valparaíso,32.6,n/a,n/a,46.3,,n/a,n/a,
2015,601-650,Rutgers University–Newark,n/a,n/a,n/a,n/a,,n/a,33,
2015,601-650,Southern Federal University,n/a,n/a,90.1,n/a,,n/a,n/a,
2015,601-650,Stevens Institute of Technology,n/a,54,n/a,n/a,,93.8,n/a,
2015,601-650,Tallinn University of Technology (TalTech),n/a,n/a,48.2,n/a,,n/a,n/a,
2015,601-650,Temple University,n/a,n/a,n/a,n/a,,n/a,n/a,
2015,601-650,Thammasat University,n/a,n/a,n/a,n/a,,n/a,n/a,
2015,601-650,Universidad Adolfo Ibáñez,n/a,n/a,n/a,76.3,,n/a,44.3,
2015,601-650,Universidad Central de Venezuela,n/a,n/a,n/a,47.7,,n/a,n/a,
2015,601-650,Universidad de Alcalá (Madrid),n/a,n/a,n/a,n/a,,68.6,n/a,
2015,601-650,Universidad de Antioquia,39.8,n/a,n/a,n/a,,n/a,n/a,
2015,601-650,Universidad de Concepción,32.6,n/a,n/a,40,,n/a,n/a,
2015,601-650,Universidad de Montevideo (UM),n/a,n/a,n/a,n/a,,n/a,34.1,
2015,601-650,Universidad Torcuato Di Tella,n/a,n/a,n/a,45.6,,n/a,n/a,
2015,601-650,Université de Sherbrooke,n/a,n/a,49.1,n/a,,44.2,n/a,
2015,601-650,Universite Paris-Pantheon-Assas,n/a,n/a,62.4,n/a,,59.7,n/a,
2015,601-650,Saint Joseph University of Beirut (USJ),n/a,n/a,89.8,n/a,,n/a,n/a,
2015,601-650,University at Albany SUNY,n/a,60.5,n/a,n/a,,n/a,n/a,
2015,601-650,The University of Alabama,n/a,43.9,n/a,n/a,,n/a,n/a,
2015,601-650,University of Calcutta,n/a,n/a,n/a,n/a,,n/a,n/a,
2015,601-650,University of Debrecen,n/a,n/a,n/a,n/a,,52.5,n/a,
2015,601-650,University of Johannesburg,n/a,n/a,n/a,n/a,,n/a,61.5,
2015,601-650,University of Jordan,n/a,n/a,n/a,53.8,,49.9,32.5,
2015,601-650,University of Milano-Bicocca,n/a,45.4,n/a,n/a,,n/a,n/a,
2015,601-650,University of New Hampshire,n/a,37,55.5,n/a,,n/a,n/a,
2015,601-650,University of Patras,n/a,60.5,n/a,n/a,,n/a,n/a,
2015,601-650,University of Portsmouth,n/a,n/a,n/a,n/a,,80.5,66.6,
2015,601-650,University of Seoul,n/a,n/a,42.5,n/a,,n/a,n/a,
2015,601-650,University of Sharjah,n/a,n/a,n/a,n/a,,100,100,
2015,601-650,Ural Federal University - UrFU,n/a,n/a,74.6,n/a,,n/a,n/a,
2015,601-650,Victoria University,n/a,43.2,n/a,n/a,,78.7,n/a,
2015,601-650,Yokohama City University,n/a,n/a,99.9,n/a,,n/a,n/a,
2015,651-700,Ajou University,n/a,n/a,63.5,n/a,,n/a,n/a,
2015,651-700,Brigham Young University,n/a,n/a,n/a,48.9,,n/a,n/a,
2015,651-700,Chonnam National University,n/a,n/a,50.8,n/a,,n/a,n/a,
2015,651-700,Chungnam National University,n/a,n/a,n/a,n/a,,n/a,n/a,
2015,651-700,Clemson University,n/a,49.9,n/a,n/a,,n/a,n/a,
2015,651-700,Comenius University Bratislava,n/a,n/a,55.8,n/a,,n/a,n/a,
2015,651-700,Far Eastern Federal University,n/a,n/a,75.6,n/a,,n/a,n/a,
2015,651-700,George Mason University,n/a,n/a,43.1,n/a,,n/a,n/a,
2015,651-700,Georgia State University,n/a,37.7,n/a,n/a,,n/a,n/a,
2015,651-700,Hacettepe University,n/a,n/a,n/a,n/a,,n/a,n/a,
2015,651-700,Howard University,n/a,n/a,67.6,n/a,,n/a,n/a,
2015,651-700,Kasetsart University,34.4,n/a,n/a,n/a,,n/a,n/a,
2015,651-700,Khazar University,n/a,n/a,46.5,n/a,,39.9,58.5,
2015,651-700,King Faisal University,n/a,n/a,n/a,n/a,,n/a,100,
2015,651-700,Lebanese American University,n/a,n/a,n/a,43.3,,64.1,69,
2015,651-700,London Metropolitan University,n/a,n/a,n/a,n/a,,97.3,64.3,
2015,651-700,Loyola University Chicago,n/a,n/a,44.1,n/a,,n/a,n/a,
2015,651-700,Middlesex University,n/a,n/a,n/a,n/a,,99.6,84.3,
2015,651-700,National Chengchi University,n/a,n/a,n/a,n/a,,n/a,n/a,
2015,651-700,Osaka City University,n/a,n/a,46.5,n/a,,n/a,n/a,
2015,651-700,Osaka Prefecture University,n/a,n/a,56.2,n/a,,n/a,n/a,
2015,651-700,Quaid-i-Azam University,n/a,55.4,n/a,n/a,,n/a,n/a,
2015,651-700,Tokyo University of Science,n/a,38.4,n/a,n/a,,n/a,n/a,
2015,651-700,Universidad Anáhuac México,n/a,n/a,55.2,50.8,,n/a,n/a,
2015,651-700,Universidad de Guadalajara (UDG),n/a,n/a,48.3,n/a,,n/a,n/a,
2015,651-700,Universidad de la República (Udelar),n/a,n/a,n/a,n/a,,n/a,n/a,
2015,651-700,Universidad Diego Portales (UDP),n/a,n/a,n/a,n/a,,n/a,37.8,
2015,651-700,Universidad Iberoamericana Ciudad de México - IBERO,n/a,n/a,n/a,56.1,,n/a,n/a,
2015,651-700,Universidad Panamericana (UP),n/a,n/a,77.7,n/a,,n/a,n/a,
2015,651-700,Universidade Católica Portuguesa,n/a,n/a,n/a,45.7,,n/a,n/a,
2015,651-700,Universidade do Estado do Rio de Janeiro (UERJ),n/a,n/a,66.4,n/a,,n/a,n/a,
2015,651-700,Universidade Federal de São Carlos (UFSCar),n/a,n/a,n/a,n/a,,n/a,n/a,
2015,651-700,University of Trieste,n/a,n/a,n/a,n/a,,n/a,n/a,
2015,651-700,Université de Lorraine,n/a,n/a,n/a,n/a,,51,n/a,
2015,651-700,Nantes Université,n/a,n/a,n/a,n/a,,n/a,n/a,
2015,651-700,University of Baghdad,n/a,n/a,57.6,n/a,,n/a,n/a,
2015,651-700,University of Bucharest,n/a,n/a,n/a,54.7,,n/a,n/a,
2015,651-700,University of Denver,n/a,n/a,51.2,n/a,,n/a,n/a,
2015,651-700,University of Macau,n/a,n/a,n/a,n/a,,94.2,100,
2015,651-700,University of New England Australia,n/a,36.8,n/a,n/a,,n/a,n/a,
2015,651-700,University of Plymouth,n/a,40.3,n/a,n/a,,42,52.8,
2015,651-700,University of Salford,n/a,n/a,n/a,n/a,,72.1,n/a,
2015,651-700,University of Ulsan,n/a,n/a,63.5,n/a,,n/a,n/a,
2015,651-700,Western Sydney University,n/a,n/a,n/a,n/a,,n/a,n/a,
2015,651-700,University of Windsor,n/a,77.7,n/a,n/a,,37.5,n/a,
2015,651-700,University of Wyoming,n/a,n/a,46.9,n/a,,n/a,n/a,
2015,651-700,Virginia Commonwealth University,n/a,n/a,56.5,n/a,,n/a,n/a,
2015,651-700,Warsaw University of Technology,n/a,n/a,n/a,55.9,,n/a,n/a,
2015,651-700,Yokohama National University,n/a,n/a,n/a,n/a,,n/a,n/a,
2015,701+,Abu Dhabi University,n/a,n/a,n/a,n/a,,100,100,
2015,701+,"Ain Shams University in Cairo (ASU, Cairo)",n/a,n/a,n/a,55.2,,n/a,n/a,
2015,701+,Universitas Airlangga,n/a,n/a,n/a,n/a,,n/a,n/a,
2015,701+,Al-Azhar University,n/a,n/a,n/a,n/a,,62.6,n/a,
2015,701+,Alexandria University,n/a,n/a,n/a,40.8,,n/a,n/a,
2015,701+,Alexandru Ioan Cuza University,n/a,n/a,n/a,n/a,,n/a,n/a,
2015,701+,University of Klagenfurt,n/a,n/a,n/a,n/a,,67.7,80.9,
2015,701+,Ankara Üniversitesi,n/a,n/a,n/a,n/a,,n/a,n/a,
2015,701+,Aoyama Gakuin University,n/a,n/a,n/a,n/a,,n/a,n/a,
2015,701+,Athens University of Economics and Business,n/a,n/a,n/a,52.8,,n/a,n/a,
2015,701+,Auburn University,n/a,38,n/a,n/a,,n/a,n/a,
2015,701+,Babes-Bolyai University,n/a,n/a,n/a,n/a,,n/a,n/a,
2015,701+,Baku State University,n/a,n/a,n/a,n/a,,n/a,n/a,
2015,701+,Baylor University,n/a,n/a,n/a,n/a,,n/a,n/a,
2015,701+,Belarusian National Technical University (BNTU),n/a,n/a,51.6,n/a,,n/a,n/a,
2015,701+,Benemerita Universidad Autonoma de Puebla,n/a,n/a,n/a,n/a,,n/a,n/a,
2015,701+,Binghamton University SUNY,n/a,37.6,n/a,n/a,,48.2,n/a,
2015,701+,IPB University (aka Bogor Agricultural University),n/a,n/a,n/a,n/a,,n/a,n/a,
2015,701+,Charles Sturt University,n/a,n/a,n/a,n/a,,53,52.7,
2015,701+,Corvinus University of Budapest,n/a,n/a,n/a,65,,38.7,n/a,
2015,701+,Coventry University,n/a,n/a,n/a,n/a,,99,51.7,
2015,701+,Cukurova University,n/a,n/a,n/a,n/a,,n/a,n/a,
2015,701+,Dankook University,n/a,n/a,54.8,n/a,,n/a,n/a,
2015,701+,De La Salle University,n/a,n/a,n/a,51.1,,n/a,n/a,
2015,701+,Diponegoro University,n/a,n/a,n/a,n/a,,n/a,n/a,
2015,701+,Vasyl Stus Donetsk National University,n/a,n/a,n/a,n/a,,n/a,n/a,
2015,701+,Doshisha University,n/a,n/a,n/a,n/a,,n/a,n/a,
2015,701+,Karaganda Buketov University,n/a,n/a,54.4,n/a,,n/a,n/a,
2015,701+,Edith Cowan University,n/a,n/a,n/a,n/a,,71.8,53.3,
2015,701+,Fordham University,n/a,n/a,n/a,n/a,,n/a,n/a,
2015,701+,Fu Jen Catholic University,n/a,n/a,n/a,n/a,,n/a,n/a,
2015,701+,Gifu University,n/a,n/a,77.1,n/a,,n/a,n/a,
2015,701+,Gunma University,n/a,n/a,62.4,n/a,,n/a,n/a,
2015,701+,Hallym University,n/a,n/a,79.8,n/a,,n/a,n/a,
2015,701+,Istanbul University,n/a,n/a,n/a,n/a,,n/a,n/a,
2015,701+,Kagoshima University,n/a,n/a,68,n/a,,n/a,n/a,
2015,701+,Kansas State University,n/a,n/a,n/a,n/a,,n/a,n/a,
2015,701+,Kaunas University of Technology,n/a,n/a,49.7,n/a,,n/a,n/a,
2015,701+,Kazakh Ablai Khan University of International Relations and World Languages,n/a,n/a,46.5,n/a,,n/a,n/a,
2015,701+,Kazakh-British Technical University,n/a,n/a,n/a,n/a,,n/a,75.7,
2015,701+,Kent State University,n/a,n/a,n/a,n/a,,n/a,n/a,
2015,701+,Khon Kaen University,n/a,n/a,n/a,n/a,,n/a,n/a,
2015,701+,King Mongkut's University of Technology Thonburi,n/a,n/a,n/a,n/a,,n/a,n/a,
2015,701+,Konkuk University,n/a,n/a,n/a,n/a,,n/a,n/a,
2015,701+,Kuwait University,n/a,n/a,n/a,n/a,,39.4,51.9,
2015,701+,Lahore University of Management Sciences (LUMS),n/a,n/a,n/a,50.4,,n/a,n/a,
2015,701+,Lobachevsky University,n/a,n/a,44.4,n/a,,n/a,n/a,
2015,701+,University of Lodz,n/a,n/a,n/a,n/a,,n/a,n/a,
2015,701+,Auezov South Kazakhstan University (SKU),n/a,n/a,59.7,n/a,,n/a,n/a,
2015,701+,Makerere University,n/a,n/a,n/a,n/a,,n/a,n/a,
2015,701+,Manchester Metropolitan University,n/a,n/a,n/a,n/a,,45.4,33.7,
2015,701+,Marquette University,n/a,n/a,44.3,n/a,,n/a,n/a,
2015,701+,Miami University,n/a,n/a,n/a,n/a,,n/a,n/a,
2015,701+,"National Technical University ""Kharkiv Polytechnic Institute""",n/a,n/a,49.4,n/a,,40.5,n/a,
2015,701+,The National University of Science and Technology MISIS,n/a,n/a,67.8,n/a,,46,n/a,
2015,701+,New Jersey Institute of Technology (NJIT),n/a,39.7,n/a,n/a,,60,n/a,
2015,701+,Nicolaus Copernicus University,n/a,n/a,42.4,n/a,,n/a,n/a,
2015,701+,Niigata University,n/a,n/a,62.7,n/a,,n/a,n/a,
2015,701+,Northumbria University at Newcastle,n/a,n/a,n/a,44.8,,50.4,39.3,
2015,701+,North-West University,n/a,n/a,n/a,n/a,,n/a,n/a,
2015,701+,Nottingham Trent University,n/a,n/a,n/a,n/a,,38.1,37.7,
2015,701+,Ochanomizu University,n/a,n/a,n/a,n/a,,n/a,n/a,
2015,701+,Ohio University,n/a,n/a,n/a,n/a,,n/a,n/a,
2015,701+,Oklahoma State University,n/a,n/a,n/a,n/a,,n/a,n/a,
2015,701+,Panjab University,n/a,n/a,n/a,n/a,,n/a,n/a,
2015,701+,Paris Lodron University of Salzburg,n/a,n/a,n/a,n/a,,91.1,n/a,
2015,701+,Plekhanov Russian University of Economics,n/a,n/a,54.3,n/a,,n/a,n/a,
2015,701+,Pontificia Universidad Católica del Ecuador (PUCE),n/a,n/a,42.3,n/a,,n/a,n/a,
2015,701+,"Pontifícia Universidade Católica do Rio Grande do Sul, PUCRS",n/a,n/a,n/a,n/a,,n/a,n/a,
2015,701+,Prince of Songkla University,n/a,n/a,n/a,n/a,,n/a,n/a,
2015,701+,Baku Engineering University,n/a,n/a,n/a,n/a,,37.1,58.3,
2015,701+,Ritsumeikan University,n/a,n/a,n/a,n/a,,n/a,31,
2015,701+,Toronto Metropolitan University (formerly Ryerson University),n/a,n/a,n/a,n/a,,n/a,n/a,
2015,701+,Saken Seifullin Kazakh Agrotechnical University,n/a,n/a,n/a,n/a,,n/a,n/a,
2015,701+,Saitama University,n/a,n/a,n/a,n/a,,n/a,n/a,
2015,701+,San Diego State University,n/a,47.8,n/a,n/a,,n/a,n/a,
2015,701+,Institut Teknologi Sepuluh Nopember (ITS Surabaya),n/a,n/a,n/a,n/a,,n/a,n/a,
2015,701+,Shinshu University,n/a,n/a,n/a,n/a,,n/a,n/a,
2015,701+,Smith College,n/a,n/a,42.4,n/a,,38,n/a,
2015,701+,"Sofia University ""St. Kliment Ohridski""",n/a,n/a,45.1,n/a,,n/a,n/a,
2015,701+,Southern Methodist University,n/a,n/a,52.9,n/a,,n/a,n/a,
2015,701+,Sumy State University,n/a,n/a,60.8,n/a,,58,n/a,
2015,701+,Robert Gordon University,n/a,n/a,n/a,n/a,,75.1,46.5,
2015,701+,Tokai University,n/a,n/a,n/a,n/a,,n/a,n/a,
2015,701+,Universidad Austral de Chile,n/a,n/a,n/a,n/a,,n/a,n/a,
2015,701+,Universidad Autónoma de Nuevo León,n/a,n/a,n/a,n/a,,n/a,n/a,
2015,701+,Universidad Autónoma del Estado de México (UAEMex),n/a,n/a,n/a,n/a,,n/a,n/a,
2015,701+,Universidad Autónoma Metropolitana (UAM),n/a,n/a,n/a,n/a,,n/a,n/a,
2015,701+,Universidad de La Habana,n/a,n/a,n/a,n/a,,n/a,n/a,
2015,701+,Universidad de La Sabana,n/a,n/a,n/a,48.2,,n/a,n/a,
2015,701+,Universidad de las Américas Puebla (UDLAP),n/a,n/a,n/a,n/a,,n/a,44.3,
2015,701+,Universidad de Los Andes - (ULA) Mérida,n/a,n/a,n/a,n/a,,n/a,n/a,
2015,701+,Universidad de Monterrey (UDEM),n/a,n/a,n/a,n/a,,n/a,n/a,
2015,701+,University of Murcia,n/a,n/a,n/a,n/a,,n/a,n/a,
2015,701+,Universidad de Puerto Rico,n/a,n/a,n/a,n/a,,n/a,n/a,
2015,701+,Universidad San Francisco de Quito USFQ,n/a,n/a,n/a,n/a,,n/a,53.6,
2015,701+,Universidad de Talca,n/a,n/a,n/a,n/a,,n/a,31.6,
2015,701+,Universidad de Valparaíso (UV),n/a,n/a,n/a,n/a,,n/a,n/a,
2015,701+,Universidad del Norte,n/a,n/a,n/a,n/a,,n/a,n/a,
2015,701+,Universidad del Rosario,n/a,n/a,n/a,46.8,,n/a,46,
2015,701+,Universidad del Valle,n/a,n/a,n/a,n/a,,n/a,n/a,
2015,701+,Universidad Industrial de Santander - UIS,n/a,n/a,n/a,n/a,,n/a,n/a,
2015,701+,"ULACIT - Universidad Latinoamericana de Ciencia y Tecnología, Costa Rica",n/a,n/a,n/a,45.9,,n/a,n/a,
2015,701+,Universidad Metropolitana,n/a,n/a,n/a,n/a,,n/a,31.4,
2015,701+,Universidad Nacional Costa Rica,n/a,n/a,n/a,n/a,,n/a,n/a,
2015,701+,Universidad Nacional de Cuyo,n/a,n/a,n/a,n/a,,n/a,n/a,
2015,701+,Universidad Nacional de Mar del Plata,n/a,n/a,n/a,n/a,,n/a,n/a,
2015,701+,Universidad Nacional de Rosario (UNR),n/a,n/a,n/a,n/a,,n/a,n/a,
2015,701+,Universidad Nacional de Tucumà¡n,n/a,n/a,n/a,n/a,,n/a,n/a,
2015,701+,Universidad Nacional del Sur,n/a,n/a,n/a,n/a,,n/a,n/a,
2015,701+,Universidad Nacional Mayor de San Marcos,n/a,n/a,n/a,n/a,,n/a,n/a,
2015,701+,Universidad Peruana Cayetano Heredia (UPCH),n/a,n/a,n/a,n/a,,n/a,35.5,
2015,701+,Universidad Simón Bolívar (USB),n/a,n/a,n/a,n/a,,n/a,n/a,
2015,701+,Universidad Técnica Federico Santa María (USM),n/a,n/a,n/a,42.9,,n/a,n/a,
2015,701+,Universidad Tecnológica Nacional (UTN),n/a,n/a,n/a,55.1,,n/a,n/a,
2015,701+,Universidade Estadual de Londrina,n/a,n/a,n/a,n/a,,n/a,n/a,
2015,701+,Universidade Federal da Bahia,n/a,n/a,68.6,n/a,,n/a,n/a,
2015,701+,Universidade Federal de Santa Catarina,n/a,n/a,n/a,n/a,,n/a,n/a,
2015,701+,Universidade Federal de Santa Maria,n/a,n/a,n/a,n/a,,n/a,n/a,
2015,701+,Universidade Federal de Viçosa (UFV),n/a,n/a,56.9,n/a,,n/a,n/a,
2015,701+,Universidade Federal do Ceará (UFC),n/a,n/a,n/a,n/a,,n/a,n/a,
2015,701+,Universidade Federal do Paraná - UFPR,n/a,n/a,n/a,n/a,,n/a,n/a,
2015,701+,Universidade Federal de Pernambuco (UFPE),n/a,n/a,n/a,n/a,,n/a,n/a,
2015,701+,Universidade Federal Fluminense,n/a,n/a,57,n/a,,n/a,n/a,
2015,701+,Ca' Foscari University of Venice,n/a,n/a,n/a,n/a,,n/a,n/a,
2015,701+,Catania University,n/a,n/a,n/a,n/a,,n/a,n/a,
2015,701+,University of Genoa,n/a,n/a,n/a,n/a,,n/a,n/a,
2015,701+,University of Modena and Reggio Emilia,n/a,56.3,n/a,n/a,,n/a,n/a,
2015,701+,Università degli Studi di Perugia,n/a,42.5,n/a,n/a,,n/a,n/a,
2015,701+,University of Siena,n/a,n/a,n/a,n/a,,n/a,n/a,
2015,701+,Università degli studi Roma Tre,n/a,n/a,n/a,n/a,,n/a,n/a,
2015,701+,Universitas Muhammadiyah Surakarta,n/a,n/a,n/a,n/a,,n/a,n/a,
2015,701+,Université Charles-de-Gaulle Lille 3,n/a,n/a,n/a,n/a,,n/a,53.9,
2015,701+,Université de Caen Normandie,n/a,n/a,n/a,n/a,,n/a,n/a,
2015,701+,Université de Cergy-Pontoise,n/a,n/a,n/a,n/a,,41.5,32.9,
2015,701+,Université de Poitiers,n/a,n/a,n/a,n/a,,36.8,n/a,
2015,701+,Université Jean Moulin Lyon 3,n/a,n/a,n/a,n/a,,46.1,n/a,
2015,701+,Université Lille 2 Droit et Santé,n/a,n/a,n/a,n/a,,n/a,n/a,
2015,701+,Université Lumière Lyon 2,n/a,n/a,n/a,n/a,,42.8,n/a,
2015,701+,Université Paris-Nanterre,n/a,n/a,n/a,n/a,,47.8,n/a,
2015,701+,Paul Valéry University Montpellier,n/a,n/a,n/a,n/a,,39.6,32.3,
2015,701+,Université Pierre Mendès France - Grenoble 2,n/a,n/a,n/a,n/a,,58.6,n/a,
2015,701+,Université Stendhal Grenoble 3,n/a,n/a,n/a,n/a,,51.6,45.2,
2015,701+,Université Toulouse 1 Capitole,n/a,n/a,n/a,n/a,,57,43.6,
2015,701+,Universiti Teknologi MARA - UiTM,n/a,n/a,n/a,n/a,,n/a,n/a,
2015,701+,Universiti Utara Malaysia (UUM),n/a,n/a,n/a,n/a,,51.1,31.9,
2015,701+,University of Bahrain,n/a,n/a,n/a,39.3,,n/a,91.5,
2015,701+,University of Bari,n/a,n/a,n/a,n/a,,n/a,n/a,
2015,701+,University of Belgrade,n/a,n/a,n/a,n/a,,n/a,n/a,
2015,701+,Universitas Brawijaya,n/a,n/a,n/a,n/a,,n/a,n/a,
2015,701+,University of Brescia,n/a,54.1,n/a,n/a,,n/a,n/a,
2015,701+,University of Central Florida,n/a,45,n/a,n/a,,n/a,n/a,
2015,701+,University of Central Lancashire,n/a,n/a,n/a,n/a,,58.6,n/a,
2015,701+,University of Colombo,n/a,n/a,n/a,n/a,,n/a,n/a,
2015,701+,University of Dar es Salaam,n/a,n/a,n/a,n/a,,n/a,n/a,
2015,701+,University of Dhaka,n/a,n/a,n/a,54.1,,n/a,n/a,
2015,701+,University of East London,n/a,n/a,n/a,n/a,,94.3,82.3,
2015,701+,University of Engineering & Technology (UET) Lahore,n/a,n/a,n/a,n/a,,n/a,n/a,
2015,701+,University of Ghana,n/a,n/a,n/a,n/a,,n/a,n/a,
2015,701+,University of Greenwich,n/a,n/a,n/a,n/a,,95.8,69.5,
2015,701+,University of Haifa,n/a,n/a,n/a,n/a,,n/a,n/a,
2015,701+,Hertfordshire,n/a,n/a,n/a,n/a,,84.6,56.6,
2015,701+,University of Huddersfield,n/a,n/a,n/a,n/a,,86.1,36.4,
2015,701+,University of Karachi,n/a,n/a,n/a,n/a,,n/a,n/a,
2015,701+,The University of Lahore,n/a,n/a,n/a,n/a,,n/a,n/a,
2015,701+,University of Latvia,n/a,n/a,43.6,n/a,,n/a,n/a,
2015,701+,University of Montana Missoula,n/a,n/a,n/a,n/a,,n/a,n/a,
2015,701+,University of Mumbai,n/a,n/a,n/a,55.7,,n/a,n/a,
2015,701+,University of Nairobi,n/a,n/a,n/a,n/a,,n/a,n/a,
2015,701+,Savitribai Phule Pune University,n/a,n/a,n/a,n/a,,n/a,n/a,
2015,701+,University of San Diego,n/a,n/a,n/a,n/a,,n/a,n/a,
2015,701+,University of San Francisco,n/a,n/a,n/a,n/a,,43.9,n/a,
2015,701+,University of Santo Tomas,n/a,n/a,n/a,40.4,,n/a,n/a,
2015,701+,University of Southern Queensland,n/a,n/a,n/a,n/a,,70.9,46,
2015,701+,University of the Pacific,n/a,n/a,46,n/a,,n/a,n/a,
2015,701+,University of the Western Cape,n/a,n/a,n/a,n/a,,n/a,40.6,
2015,701+,University of Tulsa,n/a,n/a,43.5,n/a,,86.9,n/a,
2015,701+,University of Wroclaw,n/a,n/a,n/a,n/a,,n/a,n/a,
2015,701+,University of Zagreb,n/a,n/a,n/a,n/a,,n/a,n/a,
2015,701+,Université Toulouse - Jean Jaurès,n/a,n/a,n/a,n/a,,43.6,n/a,
2015,701+,Utah State University,n/a,43.8,n/a,n/a,,n/a,n/a,
2015,701+,Verona University,n/a,n/a,n/a,n/a,,n/a,n/a,
2015,701+,Vilnius Gediminas Technical University (VILNIUS TECH),n/a,n/a,n/a,n/a,,n/a,n/a,
2015,701+,Voronezh State University,n/a,n/a,n/a,n/a,,37.4,n/a,
2015,701+,Vytautas Magnus University,n/a,n/a,n/a,n/a,,n/a,n/a,
2015,701+,Universitatea de Vest din Timisoara / West University of Timisoara,n/a,n/a,n/a,n/a,,n/a,n/a,
2015,701+,Yamaguchi University,n/a,n/a,63.6,n/a,,n/a,n/a,
2015,N/A,"University of California, San Francisco",72.4,77.4,100,40.9,,n/a,n/a,
2015,N/A,Karolinska Institutet,60.5,91.8,99.3,n/a,,72.4,74.8,
2015,N/A,Jawaharlal Nehru University,43.3,n/a,69.3,n/a,,n/a,n/a,
2015,N/A,London Business School,43.2,99,n/a,100,,100,100,
2015,N/A,Weizmann Institute of Science,39.2,97.2,100,n/a,,n/a,34.5,
2015,N/A,INSEAD,38.1,92.7,47.1,99.9,,n/a,n/a,
2015,N/A,Bocconi University,35.9,n/a,n/a,98.4,,n/a,33.5,
2015,N/A,HEC Paris Business School,n/a,72.6,n/a,99.6,,99.8,100,
2015,N/A,ESSEC Business School,n/a,n/a,n/a,94.5,,97.1,87.7,
2015,N/A,Stockholm School of Economics,n/a,76.5,n/a,81.2,,44.4,88.2,
2015,N/A,Copenhagen Business School,n/a,42.3,63.4,78,,64.5,43,
2015,N/A,Singapore Management University,n/a,65.3,n/a,70,,64,100,
2015,N/A,Prague University of Economics and Business,n/a,n/a,n/a,60.2,,60.8,53.7,
2015,N/A,Hitotsubashi University,n/a,n/a,n/a,59.8,,n/a,n/a,
2015,N/A,Cranfield University,n/a,61,99.3,56.6,,100,92.2,
2015,N/A,WHU - Otto Beisheim School of Management,n/a,49.2,45.6,55.3,,n/a,66.1,
2015,N/A,Baylor College of Medicine,n/a,42.1,100,46.2,,43.4,n/a,
2015,N/A,BI Norwegian Business School,n/a,n/a,n/a,45,,n/a,78.2,
2015,N/A,Université de Technologie de Compiègne (UTC),n/a,n/a,n/a,42.3,,49.2,n/a,
2015,N/A,The Rockefeller University,n/a,88.5,100,n/a,,98.4,69.1,
2015,N/A,London School of Hygiene & Tropical Medicine,n/a,78.1,100,n/a,,100,95.8,
2015,N/A,King Abdullah University of Science & Technology (KAUST),n/a,100,77,n/a,,100,100,
2015,N/A,"St George's, University of London",n/a,60.1,72.1,n/a,,53.1,58.1,
2015,N/A,China Medical University,n/a,58.5,55.8,n/a,,n/a,n/a,
2015,N/A,Gwangju Institute of Science and Technology (GIST),n/a,100,43.2,n/a,,n/a,n/a,
