rank,university_name,Academic Reputation,Citations per Faculty,Faculty Student Ratio,Employer Reputation,Employment Outcomes,International Student Ratio,International Faculty Ratio,International Research
1,Massachusetts Institute of Technology (MIT),100,99.1,100,100,,91.9,100,
2,Stanford University,100,98.1,100,100,,63.6,99.7,
3,Harvard University,100,99.1,98.6,100,,69.9,85.2,
4,California Institute of Technology (Caltech),97,99.9,100,82.8,,88.2,100,
5,University of Oxford,100,81.3,100,100,,98.3,99.4,
6,ETH Zurich,98.7,96.4,80.8,96.6,,97.9,100,
7,University of Cambridge,100,69.2,100,100,,97.4,100,
8,Imperial College London,98.5,68.6,99.9,99.8,,100,100,
9,University of Chicago,99.4,86.3,94.4,91.3,,82.6,67.1,
10,UCL,99.4,65.4,98.4,98.3,,100,99.3,
11,National University of Singapore (NUS,99.7,72.9,90.7,98.4,,71.4,100,
12,Princeton University,99.9,100,68.6,99,,65.6,71.6,
13,"Nanyang Technological University, Singapore (NTU Singapore)",89.8,89,91.5,89.8,,67.6,100,
14,EPFL – École polytechnique fédérale de Lausanne,80.4,98.5,96.3,80,,100,100,
15,Tsinghua University,98.2,83.2,93.3,98.6,,29.7,55.3,
16,University of Pennsylvania,96.1,63.8,100,91.5,,65.3,88.7,
17,Yale University,99.9,52.8,100,100,,54.5,85.3,
18,Cornell University,98.5,88.6,63.7,90.9,,70,93.7,
19,Columbia University,99.7,48.5,100,97.3,,96.3,37.2,
20,The University of Edinburgh,98,50.2,83.1,95.4,,99,98.2,
21,University of Michigan-Ann Arbor,98.9,58,89.4,92.7,,41.3,74.8,
22,The University of Hong Kong,98.1,48,83.8,76.3,,98.9,100,
23,Peking University,99.2,64.9,76.4,99.1,,34.3,69.7,
24,The University of Tokyo,100,62.5,92.3,99.6,,26.1,10.7,
25,Johns Hopkins University,86.7,75.9,100,47,,87.7,66.3,
25,University of Toronto,99.3,45.8,70.3,96.8,,94.1,97.9,
27,The Hong Kong University of Science and Technology,85.2,92.1,66.7,63.6,,88.9,100,
27,The University of Manchester,95.3,48.4,72.7,97.4,,98.8,92.9,
29,Northwestern University,85.1,72.3,99.7,74.4,,45.3,57.9,
30,"University of California, Berkeley (UCB)",100,96.9,21.3,99.9,,39.7,94.9,
31,Australian National University (ANU),95.6,77.8,40.1,77.6,,99.6,100,
31,King's College London,88.9,46.4,83.1,81.1,,99.9,98.4,
31,McGill University,92.3,51.8,67.5,94.1,,96.3,90.5,
34,Fudan University,84.7,55.7,90.9,92.5,,46.3,93.1,
35,New York University (NYU),95.8,25.8,96.7,96.5,,93,37.3,
36,"University of California, Los Angeles (UCLA)",100,81.9,42,99.7,,32.6,47.3,
37,Seoul National University,97.9,53.7,87.9,95.9,,11.6,18.6,
38,Kyoto University,98.6,42.6,95,96.9,,19.8,16,
39,KAIST - Korea Advanced Institute of Science & Technology,86.8,97.4,70,82.2,,9.7,24.7,
40,The University of Sydney,97.4,69.6,21.4,95.3,,100,100,
41,The University of Melbourne,99.1,65.4,18.8,97.3,,100,97.4,
42,Duke University,88.2,44.7,100,85.3,,58,5.9,
43,The Chinese University of Hong Kong (CUHK),90.3,62.6,59.2,53.1,,91.5,100,
44,The University of New South Wales (UNSW Sydney),91.1,78.4,16.7,94.9,,99.2,100,
45,University of British Columbia,97.1,37.4,53.1,89.6,,78.8,89.5,
46,The University of Queensland,89,79.6,23.8,78.2,,99.9,100,
47,Shanghai Jiao Tong University,82.5,75.4,60.4,90.9,,30.2,64,
48,City University of Hong Kong (CityUHK),61.5,91.2,88.9,32.8,,99,100,
49,The London School of Economics and Political Science (LSE),75.8,74,41.9,99.6,,100,100,
50,Technical University of Munich,83.8,22.4,89.7,98.5,,84.7,63.4,
51,Carnegie Mellon University,73.3,89.8,51,72.4,,99.4,65.3,
52,Université PSL,75.5,31.6,100,97.5,,68.4,64.5,
53,Zhejiang University,69.3,40,90,91.1,,74.2,98.1,
54,"University of California, San Diego (UCSD)",91.9,52.7,61.3,50.4,,64.3,59.9,
55,Monash University,90,64.2,14.1,88.7,,100,100,
56,Tokyo Institute of Technology (Tokyo Tech),73.3,62.6,83.4,90.4,,28,27.6,
57,Delft University of Technology,70.7,75.8,43.9,87.9,,85.6,99.8,
58,University of Bristol,75.5,44.8,70.8,82.9,,80.6,91.5,
59,Universiti Malaya (UM),74.1,47.7,82.1,84.6,,44.5,68.7,
60,Brown University,60.2,82.3,82,58.1,,53.4,82.9,
61,University of Amsterdam,82.3,83.3,35.4,55.6,,61.6,84.5,
61,Ecole Polytechnique,41.8,65.8,99.8,98.7,,99,95.8,
62,The University of Warwick,74.3,51.4,47.8,92,,99.2,98.1,
63,Ludwig-Maximilians-Universität München,92.9,43.9,49.1,80.7,,36.2,57.6,
64,Universität Heidelberg,80.6,34.2,99.1,41.8,,49.5,52.3,
65,University of Wisconsin-Madison,85.6,54.9,72.7,49.5,,27.6,34.7,
66,National Taiwan University (NTU),91.8,54.8,38.7,87.5,,38.7,19.1,
66,Universidad de Buenos Aires (UBA),88.3,2.5,77.9,90.8,,71.8,60.4,
69,Korea University,75.2,35.4,84.9,91.7,,53.3,15,
69,University of Zurich,59.7,45.9,98,60.6,,59.8,100,
71,University of Texas at Austin,94,84,12.4,83.4,,16.2,6.5,
72,Osaka University,80.1,41.3,78.9,79.6,,14,20.3,
72,University of Washington,85.9,98.8,13.7,49,,39.5,39.7,
74,Lomonosov Moscow State University,77.3,7.4,99.8,82.8,,76.8,20.1,
75,The Hong Kong Polytechnic University,66.3,51,78,40.8,,80.2,100,
76,University of Copenhagen,72.8,31.2,100,38.7,,26.5,91.8,
77,Pohang University of Science And Technology (POSTECH),43,98.7,99.9,54.6,,3,33.8,
77,University of Glasgow,73,33.5,60.4,66.8,,97.1,93.8,
79,Tohoku University,69.3,39.6,98.1,72.4,,16.9,11.8,
80,Georgia Institute of Technology,68.8,99.9,9.2,76.4,,64.8,71,
81,The University of Auckland,84.9,47,25.4,55.9,,94.5,97.6,
82,University of Illinois Urbana-Champaign,87.4,83.7,10.8,52.1,,60.4,18.8,
83,Sorbonne University,90.1,49.3,38.9,47.4,,57.1,34,
84,KU Leuven,83.4,77.5,9.4,55.5,,36.1,90.7,
86,Durham University,58,68.3,33.1,90.2,,88.7,97.9,
85,Yonsei University,68.3,31,85.1,87.7,,45.3,12.1,
87,University of Birmingham,64.4,45.4,52.5,72.6,,87.9,93.4,
88,Sungkyunkwan University (SKKU),60.2,47.7,84.9,75.6,,39.3,20.1,
89,Rice University,39.6,87.5,80.8,25.3,,92,88.8,
90,University of Southampton,50.9,61.7,66.8,52.9,,93.5,97.6,
91,University of Leeds,70.6,36.7,46,78.1,,81.3,84.7,
92,The University of Western Australia,61.1,85.7,19,52.7,,99.6,100,
93,The University of Sheffield,61.4,42.8,62.2,58.6,,96,85.3,
93,University of Science and Technology of China,53.9,99.2,77.7,19.9,,6.1,24.1,
95,University of North Carolina at Chapel Hill,68.1,44.8,84.4,49.7,,10.5,32.6,
96,University of St Andrews,46,60.2,67.6,61.1,,99.8,98.4,
97,Lund University,70,39.9,53.6,50.9,,69,92.3,
98,KTH Royal Institute of Technology,46.2,68,64.8,63.6,,57.4,98.3,
99,University of Nottingham,60,46.4,47.7,71.6,,83.5,90.8,
100,Universidad Nacional Autónoma de México (UNAM),93.3,4,52.9,90.9,,3.6,9.9,
101,Pennsylvania State University,74.9,59.7,29.9,75.3,,36.9,15.9,
101,"Trinity College Dublin, The University of Dublin",66.6,51.3,32.4,49.7,,93.7,99.6,
103,Technical University of Denmark,31.3,66,99.9,29.7,,78.6,99.9,
104,University of Helsinki,65.3,48.4,67.5,45.9,,5.7,61.4,
105,Washington University in St. Louis,43.3,53.3,99.8,15.5,,61.8,80,
106,The University of Adelaide,55.5,77.8,25.5,37,,99.1,99.8,
106,University of Geneva,50.9,71.2,48.5,23.4,,97.4,100,
108,The Ohio State University,63.5,37.8,57.6,63.2,,23.5,81.3,
109,Purdue University,63.6,62.7,19.2,69.4,,51.4,83.9,
110,Boston University,62,54.3,42.4,53.4,,88,30.9,
110,Nagoya University,58.7,35,90,52.3,,20.4,14.8,
112,"University of California, Davis",68.7,56.1,28.7,33.9,,68.4,75.1,
113,University of Oslo,54.5,46.8,82.1,15.7,,26.7,88.3,
=114,Queen Mary University of London,52.6,40.4,58.4,40.9,,99,99.7,
=114,University of Bern,30.2,86.7,70.9,38.7,,42.7,100,
115,Universidade de São Paulo,88.6,38.1,20.5,67.4,,3.1,8.2,
115,Wageningen University & Research,40,53.1,96.9,22.2,,79.8,45.5,
117,Humboldt-Universität zu Berlin,89.8,32.2,10,57.5,,31.1,50,
118,Université de Montréal,55.1,29.1,66.8,53.6,,59.7,88.8,
119,University of Alberta,54.6,47.2,50.5,37.7,,79.9,91.2,
120,Eindhoven University of Technology,30.4,76.6,55.2,78.1,,44.9,99.7,
121,Pontificia Universidad Católica de Chile (UC),87.7,14.1,24.2,96.4,,3.9,18.6,
121,University of Southern California,58.1,60.5,34.1,55.1,,84.3,32,
121,Utrecht University,66,58.3,38.9,34,,25,59.9,
124,Kyushu University,54.6,31.2,86.7,62.5,,20.4,14.4,
124,Nanjing University,59.7,87.6,28,23.4,,9.5,71.4,
124,Uppsala University,66.3,52.5,42.8,27.7,,35.3,66.3,
127,Aalto University,43.4,72.5,53.6,43,,35.4,93.2,
128,Leiden University,69.2,52.6,25.8,32.2,,48.1,82.2,
128,University of Groningen,50.6,43.2,62.6,28.1,,86.5,92,
130,Freie Universitaet Berlin,80.9,46.7,4.2,48.4,,46.6,63.6,
131,"KIT, Karlsruhe Institute of Technology",46.2,70.3,27.4,85,,60.5,60.1,
132,Universiti Putra Malaysia (UPM),50.5,22.3,76.1,52.8,,86.5,58.1,
133,University of Technology Sydney,45.3,74.4,8.8,78.8,,94.9,98.1,
135,Lancaster University,40.6,71.3,45.6,31,,95.4,93.7,
135,Ghent University,53.7,37.1,83,23.5,,19.1,68.4,
137,Politecnico di Milano,67,55.9,5.3,82.6,,49.6,46.4,
138,CentraleSupélec,15.6,51.9,89.1,99.9,,86.1,65.6,
139,Chalmers University of Technology,28.3,65.6,68.2,58.6,,60.3,98.8,
139,Hokkaido University,54,32.7,80,60,,16.2,17.9,
141,Universiti Kebangsaan Malaysia (UKM),53.8,11.9,93.3,55.7,,40.8,31.2,
142,Universiti Sains Malaysia (USM),56,17.6,76.2,60.5,,49.9,37.6,
143,King Abdulaziz University (KAU),36.3,50.2,69,52.4,,57,99,
144,McMaster University,40.7,32.4,81.4,47.6,,48.1,99.3,
145,RWTH Aachen University,51.9,68.1,7.4,95.8,,70.3,43.7,
146,Hanyang University,46.5,31.9,77.1,78.3,,31.9,23.1,
147,Aarhus University,54.6,65.6,32.6,40.9,,17,84.9,
148,Technische Universität Berlin (TU Berlin),54.1,28.2,50.3,75,,74.4,38.2,
149,University of Basel,28.4,88.3,45.3,28.5,,87.1,100,
150,University of Vienna,69.2,18.7,24.3,42.7,,90.3,98.1,
150,University of York,42.6,45.7,58.4,41.4,,69.9,89.5,
152,Newcastle University,43.7,41.8,39.6,76.8,,81.2,87.6,
152,"University of California, Santa Barbara (UCSB)",60,87.1,11.4,19.3,,29.4,55.3,
152,"University of Maryland, College Park",53.1,65,49.9,31.5,,22.5,27.5,
155,Tecnológico de Monterrey,41.7,5.2,87.3,88.3,,16.1,96.7,
156,University of Pittsburgh,43.9,45.6,96.7,19.6,,19.4,8.6,
157,Michigan State University,61.5,52.9,15.4,65.6,,26.9,62,
158,Emory University,25.8,63.9,98.5,14.5,,41.1,50.1,
159,Cardiff University,47.4,38.9,48,39.4,,77,81.7,
160,Alma Mater Studiorum - Università di Bologna,79.6,46.3,4.7,46.4,,11.9,12.1,
161,École Normale Supérieure de Lyon,33.3,54.7,94.6,10.1,,18.9,53.7,
162,Case Western Reserve University,19.7,67.8,86.5,18.7,,74.5,55.3,
162,University of Florida,49.7,26.8,75.3,51.9,,12.9,20.6,
164,University of Exeter,39.7,40.2,42.6,60.3,,79.4,90.6,
165,Al-Farabi Kazakh National University,42,1.4,98.2,63.1,,30.7,42,
165,University of Rochester,25.5,37.4,99.9,11.3,,92.9,63.5,
166,University of Waterloo,39.6,67,7.9,77.5,,83.4,76.4,
168,National Tsing Hua University - NTHU,49.5,58.3,34.8,58.1,,18,19.4,
169,Texas A&M University,60.7,59.2,8.1,59.9,,19.1,25.2,
169,University of Lausanne,35.1,51.7,56.7,21.5,,62,99.5,
171,Sapienza University of Rome,78.4,46.3,5.1,33.8,,10.5,4.8,
172,Indian Institute of Technology Bombay (IITB),50.4,53.1,36.2,74.2,,1.6,3.9,
173,Technische Universität Dresden,37.6,21.5,83.7,61.1,,34.1,35.7,
173,University of Bath,36.1,50,24.8,67.7,,90.4,98.1,
175,Eberhard Karls Universität Tübingen,45.6,17.8,89.5,22.6,,26,45.8,
175,Albert-Ludwigs-Universitaet Freiburg,52,51.8,35.7,18.7,,43.9,62.4,
177,The Hebrew University of Jerusalem,37.4,39.2,79.8,29.5,,9.9,65.4,
177,University College Dublin,49.2,39,28.8,41.6,,63.2,97.6,
177,University of Minnesota Twin Cities,64.3,48.1,31.9,26.2,,15,7.1,
180,Universidad de Chile,73.9,15,13.8,91.2,,7.4,9.5,
181,Stockholm University,55.1,46.9,29,15.6,,41.5,87.5,
181,University of Liverpool,42.9,30.9,48.6,31,,93.8,86.7,
183,Universitat de Barcelona,70.2,35.5,20.9,38.1,,32.1,6.6,
184,University of Otago,53,43.5,17.6,36.5,,59,100,
185,Indian Institute of Science,31.8,100,49.8,18.3,,1.6,1.4,
186,KFUPM,27.7,46.1,80.7,21.1,,18.1,100,
187,Universiti Teknologi Malaysia,39.4,27.8,64.4,51.6,,63.9,27.6,
187,Vanderbilt University,26.9,39.7,100,24.7,,31.5,23.5,
189,Université catholique de Louvain (UCLouvain),50.2,60.9,7.6,37.2,,39.9,87.2,
189,Waseda University,58.6,7.6,30.6,93.6,,36.7,31,
191,Keio University,49.5,9.6,60.8,87,,11.7,12.2,
191,Technische Universität Wien,32.3,77.5,10.2,52.7,,86,75.2,
193,Indian Institute of Technology Delhi (IITD),44.3,67.8,28.4,64.5,,1.5,2.3,
194,University of Bergen,33.6,42.4,77.9,8.2,,8.8,87.3,
195,University of Göttingen,49,24.3,65.5,17.9,,25,49.9,
196,University of Wollongong,31.3,71,19.2,34.5,,86,91.8,
197,Erasmus University Rotterdam,34,46.7,32.4,63.7,,59,82.2,
197,"The University of Newcastle, Australia (UON)",33.5,64.7,32.4,27.9,,44.6,99.9,
197,University of Twente,20.8,69.8,36.8,40.4,,86.5,96.1,
200,Universidad Autónoma de Madrid,57.1,23.3,42.3,55.4,,12,8.8,
200,Vrije Universiteit Brussel (VUB),24.7,29.1,87.3,18.9,,62.1,88.2,
202,University of Gothenburg,38.3,31.4,69.2,15.7,,42.7,65.5,
203,Dartmouth College,19.4,79.3,69.5,29.5,,32.7,5.5,
203,Western University,29.8,76.1,7.4,63.7,,51,95.6,
205,University of Reading,33.4,53,28.6,34.3,,86.4,93.2,
206,Complutense University of Madrid,66.4,14.2,23.3,63.5,,21.3,3.2,
207,University of Aberdeen,28.7,57.4,32.8,23.6,,99,94.8,
208,Chulalongkorn University,67.1,9,29.1,60.7,,2.6,14.6,
209,Queen's University Belfast,29,36.6,46.3,33,,96.5,99.8,
210,"University of California, Irvine",44.2,68.7,10.7,14.4,,75.7,46.6,
211,Khalifa University,11.9,52.6,86.4,10.2,,48.1,100,
211,University of Notre Dame,29.2,42.3,68.2,47.5,,19.8,29.3,
213,Universitat Autònoma de Barcelona,59.9,39.9,15.2,33.9,,23.1,22.2,
214,"Macquarie University (Sydney, Australia)",31.6,44.5,21.8,49.6,,97.5,97.2,
214,Radboud University,31.8,70.2,40.2,16.7,,23.2,59,
216,Università di Padova,59.4,49.9,11.1,35.6,,5.9,10.9,
217,Curtin University,32.4,60.6,16.8,43.4,,50.2,100,
217,Queensland University of Technology (QUT),43.2,48.5,8.7,45.6,,41.8,97.8,
217,University of Virginia,37.2,38.5,61.4,42.4,,14.3,8.1,
220,American University of Beirut (AUB),27.7,16.5,59.7,64,,64.6,84.4,
220,Arizona State University,43.4,57.6,11.1,33.4,,46.3,67.5,
220,University of Cape Town,45.1,39.6,25.3,39.7,,35.8,67.1,
223,RMIT University,37.6,35,9.8,60.2,,94.3,100,
223,Victoria University of Wellington,48.4,35.2,12.3,31.8,,54.3,99.6,
225,Saint Petersburg State University,41.2,7.2,83.3,29.2,,36.8,5.9,
226,Loughborough University,30.9,34.1,29.3,66.1,,72.2,83.8,
227,Universidad de los Andes,55.3,7.6,23.8,94,,2.5,28.4,
228,Novosibirsk State University,28.8,18.9,94.7,21.3,,47.2,9,
228,Universität Hamburg,48.7,46.4,26.1,17.7,,22.9,45,
230,Georgetown University,33.5,25.8,63.2,47.7,,47.2,15.1,
230,Tel Aviv University,34.3,94.9,6.2,29.9,,9.3,33.2,
230,University of Colorado Boulder,36.9,59.7,44.5,17.6,,11,24.1,
233,Universidade Estadual de Campinas (Unicamp),62.3,35.6,16.5,29.6,,3.7,8.8,
234,Maastricht University,21.8,65,20,30.5,,100,97.1,
234,National Cheng Kung University (NCKU),41,35,35.8,60.9,,23,17,
236,Kyung Hee University,25.4,18.6,88.3,37.8,,47.9,16.2,
236,Vrije Universiteit Amsterdam,41.7,41.9,43.1,18.3,,23.6,37,
238,University of Galway,24.2,15.2,75.3,27.4,,58.8,91.8,
238,University of Antwerp,22.5,36.4,73.1,13.2,,39.1,77.5,
240,National Chiao Tung University,29.7,44.5,40.7,64.9,,21.4,30,
240,Rheinische Friedrich-Wilhelms-Universität Bonn,50.6,21.3,43.5,13.8,,23.6,43.8,
242,Sciences Po,21,6,89.1,29.2,,99.2,52,
242,University of Leicester,24.8,43.3,45.6,17.3,,85.4,82.7,
245,Qatar University,19.3,19.4,69.7,23.3,,95.4,100,
246,Queen's University at Kingston,36.5,48.2,7.5,68.8,,28.8,71,
246,University of Calgary,33,41.2,27.2,36.6,,57.1,82.9,
246,University of Sussex,28,58.7,20.2,10.2,,95.1,96.4,
246,Wuhan University,38.2,53.4,16.8,53.7,,8.5,48.6,
250,Tomsk State University,21.7,6.1,99.9,15.1,,93.4,29.1,
250,Universite libre de Bruxelles,33,45.8,6.8,50,,88.7,87.2,
252,Mahidol University,41.7,7.8,69.6,44.4,,5.6,8.6,
252,University of Navarra,28.8,20.4,51.3,67.8,,68.5,25,
254,Gadjah Mada University,44.9,1.7,59.9,43.2,,2.2,48.7,
254,Universiti Brunei Darussalam (UBD),18.3,7.9,95.4,10.5,,63.9,100,
256,Tongji University,34.4,60.6,22.4,8.5,,28.4,88,
256,University of Illinois Chicago (UIC),44.7,32.8,40.4,29.3,,21.1,10.3,
258,Rutgers University–New Brunswick,38.9,16.3,55.1,35.5,,42.3,24.6,
259,Universidad Nacional de Colombia,60.8,5.6,7,93.2,,1.3,8.2,
260,Charles University,43.4,11.8,48.4,37.6,,46.9,19,
260,Harbin Institute of Technology,22.4,79.8,49.3,8.4,,8.7,9.6,
260,Tufts University,20.2,45.3,75.7,7.8,,36,32.8,
263,Sun Yat-sen University,35.4,31.9,57.5,33.7,,6.3,9.7,
264,Hong Kong Baptist University,18.2,49.9,39.3,12.7,,95.6,98.2,
265,Universität Innsbruck,20.6,15.8,66.1,13.8,,99.5,99.3,
265,University of Tsukuba,34.6,22.5,68.9,17.6,,27.3,15.5,
267,National Taiwan University of Science and Technology (Taiwan Tech),24.8,40.7,58.5,28,,40.8,23.2,
267,Technical University of Darmstadt,20.3,70.6,5.9,62.2,,68.7,53.4,
267,University of Surrey,23.4,45.8,22.4,31.6,,95.4,97.1,
270,University of Canterbury | Te Whare Wānanga o Waitaha,35.6,38,10.7,37.4,,60.2,99.6,
270,University of Massachusetts Amherst,41.2,56.2,16.4,16.1,,25.6,35.2,
272,Massey University,29.3,28.8,29.3,24.5,,97.6,98.7,
273,USI - Università della Svizzera italiana,4.7,29.1,86.1,5.2,,100,100,
273,The University of Arizona,41.3,23.2,52,18.5,,15.6,24.6,
275,Deakin University,28.9,48.7,5.1,39.8,,82.7,97.1,
275,Indian Institute of Technology Madras (IITM),34.1,50.9,31.5,50.1,,1.5,2.6,
275,Graz University of Technology,13.5,17.3,96.1,9.2,,55.7,70.6,
275,Université Paris Cité,43.1,56.8,20.7,7.2,,19.6,17.2,
279,Beijing Normal University,38.3,51.3,30.4,8.8,,28.8,24.4,
279,University of Ottawa,25.3,62,5.7,38.8,,58.6,94.9,
281,Moscow Institute of Physics and Technology (MIPT / Moscow Phystech),15.7,13.8,97.7,27.9,,42.4,32,
282,Bauman Moscow State Technical University,21.6,1.5,100,48.9,,11.5,11,
282,University of Cologne,39.2,23.9,27.3,42.9,,37.4,57.4,
284,United Arab Emirates University,23.5,12.8,61.6,35.3,,40.8,100,
285,University of Tartu,25.3,18.5,83.4,15.2,,26,29.6,
286,University College Cork,28.6,23.4,42.8,31.3,,46.4,91.9,
287,King Saud University,31,19.3,59.4,11.7,,14.2,91.8,
287,Universitat Pompeu Fabra (Barcelona),31.4,61.4,12.7,28.7,,22.6,63.6,
287,Université Paris 1 Panthéon-Sorbonne,60.1,3.8,5.7,41.3,,56.9,32.7,
287,University of Turku,26.3,33.6,62,32.2,,5.9,28.8,
291,Dalhousie University,18.8,59.4,19.7,20.5,,81,100,
291,ENS Paris-Saclay,18.1,23.9,89.6,9.4,,35.7,35.1,
291,Technion - Israel Institute of Technology,27,68.7,22.4,27.4,,3.6,48.2,
295,Gwangju Institute of Science and Technology (GIST),11.7,100,39.7,5.6,,7.1,15.8,
295,North Carolina State University,31.5,57.5,18.5,20.2,,24.9,64.6,
295,University of South Australia,24.4,50.4,23.4,17.2,,61.2,100,
298,HSE University,26.1,2.2,94,32.8,,17,8.1,
298,National Yang Ming University,14.8,30.9,99.9,15.2,,6.5,5.6,
300,University of Strathclyde,26.4,28.2,22.4,50.2,,73.7,93.5,
301,Heriot-Watt University,15.7,48.5,25,32.9,,94,100,
301,University of Milan,51.9,43.4,8,21.4,,7.4,9.6,
303,Griffith University,28.9,52.9,12.4,22.8,,40.3,99.5,
303,Xi’an Jiaotong University,24.7,64.4,29.7,40.3,,7.9,14.9,
305,Aalborg University,17.9,50.2,41.2,36.6,,27.5,67.3,
305,Universitas Indonesia,40.9,2.1,35.9,52.9,,3.4,88.3,
305,Université Paris-Saclay,24,29,68.3,8.8,,35.3,41,
307,Universität Mannheim,17.8,85,3.8,58.1,,24.7,32.5,
308,Politecnico di Torino,37.5,52.1,3.1,52.7,,35.6,4,
308,"Royal Holloway, University of London",18.5,53,23.3,10.9,,94.5,97.3,
308,University of Tasmania,19.8,58.1,19.1,8.8,,98.1,83.6,
311,Universidad Carlos III de Madrid (UC3M),30.6,9.4,54.2,46,,32.3,41.4,
311,Goethe-University Frankfurt am Main,48,18.1,23.8,37.9,,31,5.2,
313,Institut Teknologi Bandung (ITB),38.3,4,52.8,45.1,,1.7,36.3,
314,Indian Institute of Technology Kharagpur (IIT-KGP),26,70.2,21.7,39.2,,1.1,4.9,
314,National Research Nuclear University MEPhI (Moscow Engineering Physics Institute),9.2,9.1,97.7,13.6,,82.7,49.6,
314,Universitat Politècnica de Catalunya · BarcelonaTech (UPC),33.7,21.6,50.6,32.3,,26.3,11,
317,Belarusian State University,19.1,1.7,97.6,35.9,,30.4,4.6,
317,Friedrich-Alexander-Universität Erlangen-Nürnberg,22.5,94.6,2.7,17.4,,23.5,28,
319,University of Dundee,19.3,21.7,57.6,15.4,,65.4,85.8,
320,Indiana University Bloomington,38.8,26.4,30.6,24.2,,19.2,42.9,
321,Hiroshima University,22.5,14,87,13.1,,17.7,14.1,
321,University of Warsaw,43.6,6.7,37.3,48.9,,10.5,8.5,
323,Simon Fraser University,23.8,49.8,6.2,19.8,,90.2,93.8,
323,Southern University of Science and Technology (SUSTech),5.5,38.6,96.7,1,,1.7,48.4,
323,Universität Jena,19.5,13.4,99.6,2.4,,25.4,null,
326,Jagiellonian University,34.9,6.5,55.4,45.9,,11.3,4.3,
327,IE University,7.6,3.8,70.7,44.6,,100,89.6,
326,Pontificia Universidad Católica Argentina,16.8,1.1,98.8,43.2,,12.3,2.5,
326,RUDN University,14.7,1.7,87.9,26,,95,11.5,
326,Universitat Politecnica de Valencia,24.5,18.3,78.9,11.9,,20.5,6.1,
326,Virginia Polytechnic Institute and State University,29.3,36.6,27.2,31.5,,25.2,56.9,
331,National Taiwan Normal University (NTNU),31,10.8,68.5,11,,31.6,12.8,
331,Ural Federal University - UrFU,20.8,2.4,92.2,13.8,,43.1,16.4,
333,Ewha Womans University,21.7,14,80.3,20.1,,30.4,8.6,
333,Umea University,19.9,24.3,80,7.3,,11.5,27.1,
333,Universität Stuttgart,24.9,55.7,5,46.7,,51.5,43.2,
333,University of East Anglia (UEA),19.3,56.4,24.4,10.4,,60.8,70.4,
333,University of Hawaiʻi at Mānoa,16.6,45.2,54.9,11.4,,17.7,56.4,
333,University of Jyväskylä,17.2,22,86.3,8.5,,5.2,36.5,
333,University of Utah,17,40.1,68.5,8.5,,10.1,33,
341,Yeshiva University,2.8,49.8,97,3.8,,10.6,null,
342,Université Grenoble Alpes,43.6,37.4,11.8,12,,30.8,26.4,
342,"University of Chemistry and Technology, Prague",6.4,18.5,99.4,8.1,,63.7,23.9,
344,"Birkbeck, University of London",13.6,63.4,14.5,4.2,,98,97.8,
344,Ulm University,7.9,38.2,82.3,5.2,,24.1,44.5,
346,SOAS University of London,21.3,21.4,35.4,10.3,,100,100,
346,University at Buffalo SUNY,20,70,7.3,11.3,,43.4,82.3,
348,American University of Sharjah,19.4,15.2,34.4,31.7,,100,100,
348,MGIMO University,11.7,1.4,100,24.9,,51.5,15.7,
350,"City St George's, University of London (formally City)",19.3,45.5,10,21.4,,99.6,94.8,
350,Indian Institute of Technology Kanpur (IITK),29,60.1,17.4,35,,1.2,1.5,
350,Universiti Teknologi Brunei,11.5,7.8,91.5,9.1,,7.6,99.3,
353,George Washington University,27.2,33.6,31.6,26.2,,44.1,36.6,
353,University of Southern Denmark (SDU),19.6,39.9,36.1,20.3,,26.4,85.4,
355,National University of Sciences & Technology (NUST) Islamabad,17,10.6,77.8,54.1,,5,3.3,
356,University of Münster,35,19.1,38.1,28.7,,7.8,29.3,
357,L.N. Gumilyov Eurasian National University (ENU),17.9,1.5,96.9,16.1,,6.1,25.3,
357,University of Lisbon,38.6,38.1,12.9,21.5,,37.9,7.3,
357,University of Porto,37,44.8,14.1,22.5,,18.1,5.3,
360,ITMO University,11.9,7.7,91.2,16.1,,50.7,24.9,
360,Norwegian University of Science And Technology,30.9,26.8,28.6,22.6,,10.8,72.7,
362,Johannes Kepler University Linz,11.3,23.9,66.9,21,,23.3,77.7,
362,Linköping University,20.4,49.7,27.8,22.2,,15.6,63.9,
362,Northeastern University,20.1,36.5,23.1,12.9,,95.1,76.3,
362,Tokyo Medical and Dental University (TMDU),11,20.1,100,5.4,,15.3,2.8,
367,University of Macau,11.2,51.8,22.4,6.2,,96.2,100,
368,Brunel University of London,10.7,55.6,13.1,16.1,,98.1,99.6,
368,Tilburg University,15.1,52.1,13.9,37.5,,42.5,89,
370,Kazan (Volga region) Federal University,18.2,4.3,82.7,7.5,,69,9.2,
370,University of Victoria (UVic),16.5,64.5,4,11.4,,65.3,91.9,
372,Swinburne University of Technology,14.8,42.3,17.6,17.9,,91.7,98.1,
373,Pakistan Institute of Engineering and Applied Sciences (PIEAS),5.3,35.9,95.3,6.4,,null,null,
373,"Stony Brook University, State University of New York",20.9,35.9,33.2,8.6,,72,48.7,
375,Sultan Qaboos University,13.2,12.6,73,13.1,,3.8,100,
375,University of Waikato,19.6,41.4,10.7,16.1,,85.3,96.8,
377,Nankai University,23.6,59,29.4,4.9,,6.8,18.3,
377,Universidad de Palermo (UP),8.9,1.2,87.6,10.1,,97.1,32.1,
379,Taylor's University,16.4,4.5,41.3,60.7,,86.1,52,
380,Universidade Federal do Rio de Janeiro,51.3,12.7,16,20.2,,1.9,5.9,
380,University of Kent,20.7,37.1,20.5,10,,59.4,97.8,
380,Wake Forest University,6.7,19.6,100,7.6,,16.3,8.2,
383,Indian Institute of Technology Roorkee (IITR),13.8,92.7,11.7,19,,2.7,1.1,
383,Oxford Brookes University,27.1,13.1,14.1,57,,65.9,64.4,
383,University of Pisa,42.6,36.2,9.5,18.1,,4.9,5.9,
383,University of Kansas,15.9,16,76.5,14.7,,11.8,32.7,
387,Lincoln University,8.6,28.8,43.3,7.8,,99.5,96.8,
387,Shanghai University,24.5,19.3,56.5,8.7,,6,45.8,
387,Taipei Medical University (TMU),9.9,22.4,84.8,12,,17.1,20,
387,Tianjin University,18.3,77.5,22.8,3.9,,4.4,8.3,
391,UCSI University,15.1,4.4,55.2,44.7,,81.3,37,
392,Beijing Institute of Technology,20.7,49.7,40.6,12.5,,8.4,5,
392,HUFS - Hankuk (Korea) University of Foreign Studies,12.2,2.2,81.6,26.7,,41.9,37.1,
392,University of Naples - Federico II,33.9,59.7,5.9,13.9,,1.1,2.8,
392,Università Vita-Salute San Raffaele,3.9,31.3,99.6,1.6,,4,2.6,
396,Huazhong University of Science and Technology,20,63.8,16.2,31.7,,5.5,12.6,
396,University of the Philippines,34.1,2.4,48.4,40.8,,1.4,1.4,
398,La Trobe University,20,32.6,7.8,22.4,,96.8,96.4,
398,Université de Strasbourg,42.8,23.4,6.8,6.7,,40.8,40.5,
398,"University of Colorado, Denver",8.6,15.4,100,6.5,,10.9,4.3,
401,Peter the Great St. Petersburg Polytechnic University,11.4,4.3,81.4,9.8,,84.9,18,
401,National Research Tomsk Polytechnic University,10.1,6.9,83.4,11.9,,80,11,
403,Chung-Ang University (CAU),13.6,11.9,74.4,28.4,,28.4,14.8,
403,Johannes Gutenberg Universität Mainz,22,20.8,53.4,14.2,,20.1,32.8,
403,Kobe University,24.4,15.5,52.8,34.8,,9.7,7.2,
403,University of Trento,27.5,54.7,15.7,11.8,,6,24.4,
403,University of Witwatersrand,25.2,38.2,12.6,28.8,,10.2,82.6,
408,University of Oulu,16.5,49.4,31.8,16.9,,8.1,52,
409,Sharif University of Technology,11.9,87.9,9.8,27.4,,2.7,4.5,
409,Tampere University,25.6,38.7,26,23.4,,7.1,31.3,
411,The American University in Cairo,24.6,5.8,43.5,28.4,,3.1,93.1,
411,"Essex, University of",18.7,33.9,11.2,9,,99.2,99.6,
411,Washington State University,27.9,38,15.7,19,,9.2,61.3,
414,Bond University,4.4,21.5,52.7,8.2,,98.9,98.3,
414,Tulane University,10.7,16.5,86.6,5.7,,20,14.7,
416,"Goldsmiths, University of London",20,26.7,18.3,8.7,,96.4,86.7,
416,National Sun Yat-sen University,25,36.1,33.8,18.2,,10.2,15.6,
416,"University of California, Santa Cruz",19.9,67.8,7.9,4.5,,14.8,55.8,
416,University of Tromsø The Arctic University of Norway,13.2,12.1,75.3,2.3,,8.9,72.5,
420,Université Laval,20.1,28.9,29.1,23.5,,29.8,69.1,
420,Universidade Federal de São Paulo,11.4,10.8,96.9,4.6,,1.7,6.2,
420,University of Iowa,21.9,31.3,46.2,11.6,,12,18.6,
423,Flinders University,14.1,47.8,6,8,,95.6,96.7,
423,Vilnius University,19.6,5.9,74.6,21.6,,4.9,10.9,
425,University of Bordeaux,32,10.7,34.5,5.2,,37.8,49.6,
426,Illinois Institute of Technology,16.2,51.4,15.5,6.1,,99.6,23,
426,Pontificia Universidad Javeriana,34.5,2.6,19.4,81,,1.9,5.1,
428,The National University of Science and Technology MISIS,9.1,10.1,73.8,14.4,,75.9,15.7,
428,Universidade Nova de Lisboa,26.2,21.6,27.2,25.9,,47.1,25.6,
428,University of St.Gallen (HSG),9.5,29.4,8.3,59.8,,83,100,
431,University of Coimbra,28.6,37.1,16,12.6,,50.4,10,
432,Czech Technical University in Prague,18.4,7.5,49.5,38.9,,48.1,24.4,
432,Pontificia Universidad Catolica del Peru (PUCP),36.6,1.9,23.4,62.7,,1.7,4.6,
432,University of Florence,34.4,44.4,7.5,6.5,,21.2,8.5,
432,"The University of Tennessee, Knoxville",11.5,74.4,16.2,30.5,,3.5,5.5,
432,Xiamen University,25.9,48.1,25.3,7,,4.1,6.6,
437,Auckland University of Technology (AUT),20.4,15.1,13.5,21.6,,100,100,
437,Julius-Maximilians-Universität Würzburg,15.8,75.4,5.9,5.1,,11.1,47.4,
439,Dublin City University,17.7,15.5,35.9,28.4,,45,68.5,
439,Ruhr-Universität Bochum,22.6,59.8,2.2,14.7,,32.3,27.4,
439,Universiti Teknologi PETRONAS (UTP),15,25.6,32.5,29.8,,22.5,83,
439,University of Johannesburg,12.9,16.6,43.2,19.7,,49,86.8,
443,Colorado State University,18.3,21.3,54.3,16.8,,6.8,24.8,
443,Universidad Austral,13.4,2.1,79.5,35.3,,5.4,6,
443,Universität Konstanz,23.5,22.4,33.9,7.3,,24.1,63.9,
446,Ben-Gurion University of The Negev,15.5,52.5,15.5,15.3,,18.8,67.6,
446,Brandeis University,11.6,30.3,47.5,6.2,,80.5,16.8,
446,University of Science and Technology Beijing,18.1,73.7,14.3,4.3,,3.6,4,
449,Beihang University (former BUAA),15,64.3,27.4,4.9,,5.9,9,
449,"University of California, Riverside",17.5,57.6,11.7,7.1,,10.4,69.2,
451,Universidad Politécnica de Madrid (UPM),28.4,12.5,21.5,53.5,,34.5,3.4,
451,Saarland University,11.6,12,74.6,5.3,,42.9,15.9,
451,Université de Liège,18.3,32.8,22.7,19.9,,53.8,47.9,
454,Boston College,22.6,24.1,37,19.7,,19.5,22.7,
454,Quaid-i-Azam University,13.7,84.5,2.4,22.7,,1.5,3.2,
456,Dongguk University,9.9,10.7,81.1,8.7,,29.3,11.5,
456,Florida State University,26.8,31.3,12.9,46.6,,4.8,15.7,
456,Hasselt University,3.8,21.5,74,3.4,,25.3,60.2,
456,Stellenbosch University,25.3,49.6,3.9,26.9,,10,25.1,
456,The Catholic University of Korea,5,16.9,96.2,2.4,,4.7,2.6,
456,University of Canberra,15,41.9,4,12,,78.4,98.2,
462,James Cook University,14.2,48.5,8.1,11,,51.6,90,
462,South China University of Technology,12.6,75.6,18.8,3.3,,5.2,13.6,
462,Universidad ORT Uruguay,9.8,1.4,89.9,16.8,,2,24.3,
465,Koç University,16.6,19.5,47.5,30.7,,6.8,32.8,
465,National Central University,21.3,31.4,32.8,18.2,,22.1,15.4,
465,Universidad de Belgrano (UB),6.5,1.1,91,18.2,,36.5,7,
465,University of Saskatchewan,11.7,38.7,26.5,8.9,,51.3,76.6,
465,Yokohama City University,6,10.2,99.9,2.4,,2.5,4.5,
470,Indian Institute of Technology Guwahati (IITG),11.9,77.2,15.9,15,,1.4,null,
470,Lappeenranta-Lahti University of Technology LUT,7,64.3,20.4,15.4,,25.5,47.6,
470,Martin-Luther-Universität Halle-Wittenberg,13.5,8.1,84.1,5,,11.5,null,
470,Rensselaer Polytechnic Institute,9.6,60.3,24.9,7.6,,52.4,14.7,
474,Swansea University,13.5,23.5,35.1,14,,53.8,72.8,
474,Umm Al-Qura University,12.8,2.3,62.4,7.7,,20.5,100,
474,Western Sydney University,19,26.4,7.7,24.4,,59.1,100,
477,Amirkabir University of Technology,5,96,5.6,18.3,,2.4,8.2,
477,Concordia University,14.7,30.3,4.2,33.8,,91.2,79.6,
477,National Technical University of Athens,18.5,58.3,7.2,37.2,,6.8,1.5,
477,University of Cyprus (UCY),9.3,70.7,6.5,3.2,,25.5,78.7,
477,V. N. Karazin Kharkiv National University,11.2,1.9,72.9,15.9,,70.9,1.4,
477,Wayne State University,10.2,20.4,73.5,5.3,,9,16.2,
483,Universität Leipzig,25,11.2,53.3,7.2,,18.2,null,
483,"University of Missouri, Columbia",17,22.5,46,14.5,,5.5,46.2,
485,Aberystwyth University,9.6,46.1,25.6,5.7,,57.6,57.1,
485,Shandong University,15.5,57.4,20.9,18.6,,4.6,10,
485,University of Stirling,11.1,38.6,19.2,13.7,,69.7,71.4,
488,Chiba University,15,15.7,70,6.1,,5.9,6.9,
488,National Taipei University of Technology,12.7,33.5,34.6,33.1,,21.1,24.9,
490,Auezov South Kazakhstan University (SKU),8.1,1,88.9,7.5,,23.8,21.4,
490,Sogang University,17.8,12.9,43.3,40.6,,27.5,10.1,
492,Universidad de Montevideo (UM),12.7,1.2,79.9,16.5,,3.6,20.6,
493,Chang Gung University,4.7,46.6,59.6,4.2,,7,3.1,
493,Far Eastern Federal University,6.3,2.3,85.4,3.1,,56,18.7,
493,Jilin University,14.9,25.2,49.9,23.1,,3.2,12.4,
493,Southeast University,12.2,54.3,35.8,3.9,,4.8,9.9,
493,UNESP,30.8,16.2,32,16.9,,2.1,5.3,
498,Universidad de La Habana,16,2.4,70.5,25.8,,5.5,2.4,
499,Oregon State University,17.8,35,31.5,7.3,,18.7,32.6,
499,Universidad de Alcalá (Madrid),9.8,10.6,58.6,13.2,,70.6,22.4,
499,University of Eastern Finland,14.7,33.5,42.9,9,,7.3,25.8,
501-510,Christian-Albrechts-University zu Kiel,18.6,19,51.6,null,,null,null,
501-510,East China Normal University,null,31.6,31.9,null,,26.3,72.8,
501-510,Hitotsubashi University,18,null,26.5,77.8,,20.7,22,
501-510,The University of Georgia,23.8,36.7,null,28.4,,null,null,
501-510,University of Granada,37.3,22.6,null,null,,18.9,null,
501-510,Universidad de Santiago de Chile (USACH),34.6,null,null,60.8,,null,null,
501-510,Universidad de Zaragoza,19.9,null,57.4,null,,null,null,
501-510,University of Balamand,null,null,90.5,null,,20.3,null,
501-510,University of Connecticut,null,39,null,null,,29,41.7,
501-510,University of Delhi,34.7,19.3,null,37.8,,null,null,
501-510,University of Szeged,17.8,null,52.7,null,,60.1,null,
511-520,Aston University,null,27.5,null,37.5,,35.6,95.8,
511-520,Singapore Management University,null,27.8,null,20.3,,55.7,100,
511-520,Università Cattolica del Sacro Cuore,25.1,null,30.9,35.1,,null,null,
511-520,"University of Rome ""Tor Vergata""",32.9,30,null,null,,19.4,null,
511-520,Aix-Marseille University,34.8,19.8,null,null,,23.6,21.4,
511-520,Université de Montpellier,20.1,39.8,null,null,,35,22.3,
511-520,University of Klagenfurt,null,null,47.1,null,,73,92.4,
511-520,University of Limerick,null,28.7,null,24.9,,22.4,84.7,
511-520,Warsaw University of Technology,24.7,null,27.4,53,,null,null,
521-530,Universitas Airlangga,24.3,null,39.4,35.3,,null,20.7,
521-530,Imam Abdulrahman Bin Faisal University (IAU),null,null,74.7,null,,null,96,
521-530,National Research Saratov State University,null,null,95.9,null,,null,null,
521-530,Sabanci University,null,19.9,36.8,21.4,,null,48.3,
521-530,University of Turin,31.2,36.8,null,null,,null,null,
521-530,University of Bayreuth,null,32.3,34.3,null,,25.9,45.5,
521-530,University of Debrecen,17.2,null,41.9,null,,88.5,null,
521-530,University of Milano-Bicocca,19.6,63,null,null,,null,null,
521-530,University of Ulsan,null,32.6,64.8,null,,null,null,
531-540,IPB University (aka Bogor Agricultural University),17.6,null,47.2,21.7,,null,57.4,
531-540,Inha University,null,null,75.9,null,,null,null,
531-540,Justus-Liebig-University Giessen,null,74.8,null,null,,null,null,
531-540,Masaryk University,22.8,null,null,22.4,,68.5,30.6,
531-540,Nagasaki University,null,null,83.2,null,,null,null,
531-540,Northwestern Polytechnical University,null,33.2,59.1,null,,null,26.9,
531-540,Sichuan University,17.7,42.8,24.7,null,,null,20.7,
531-540,"Universidad Central ""Marta Abreu"" de Las Villas",null,null,99.6,null,,null,null,
531-540,Universiti Utara Malaysia (UUM),null,null,41.5,null,,74.9,22.6,
531-540,University of Texas at Dallas,null,45.8,null,null,,49.2,17.9,
531-540,York University,21.4,null,null,30.4,,74.6,24.6,
541-550,Coventry University,null,null,null,42.9,,99.6,72.2,
541-550,Institut National des Sciences Appliquées de Lyon (INSA),null,null,41,25.3,,81.8,32.1,
541-550,Iowa State University,19.1,44.8,null,null,,null,null,
541-550,Niigata University,null,null,87.1,null,,null,null,
541-550,Osaka City University,null,null,71.9,null,,null,null,
541-550,Satbayev University,null,null,69.6,19.5,,null,null,
541-550,Universität Bremen,20.1,27.5,null,null,,20.5,39.9,
541-550,Universite Paris-Pantheon-Assas,null,null,83.8,null,,24,null,
541-550,Saint Joseph University of Beirut (USJ),null,null,44.1,39.5,,17,84,
541-550,University of Delaware,null,57.3,null,null,,20.5,35.9,
551-560,Ajou University,null,22.5,56.8,null,,null,null,
551-560,Bar-Ilan University,null,57.4,null,null,,null,59.9,
551-560,Bilkent University,18.5,24.8,null,23,,null,58.8,
551-560,Hallym University,null,null,87.4,null,,null,null,
551-560,Konkuk University,null,null,65.2,null,,null,null,
551-560,Lebanese American University,null,null,29.9,36.5,,45.6,96.6,
551-560,Lehigh University,null,40.6,37.1,null,,39.3,null,
551-560,Management and Science University,null,null,41.5,28.1,,41.8,58.1,
551-560,Technische Universität Braunschweig,null,null,62.1,null,,30,null,
551-560,Université Paul Sabatier Toulouse III,19.8,null,46.9,null,,27.6,null,
551-560,Victoria University,null,50,null,null,,86,45.8,
561-570,Cairo University,35.9,null,null,34.6,,null,null,
561-570,Kumamoto University,null,null,76.1,null,,null,null,
561-570,Kyungpook National University,null,18.6,49.3,null,,null,null,
561-570,"The New School, New York City & Paris",null,null,49.1,null,,93.3,null,
561-570,Thammasat University,22.4,null,33.7,38.4,,null,null,
561-570,Universidad Externado de Colombia,null,null,57.7,46.4,,null,null,
561-570,University of Nebraska - Lincoln,null,33.2,null,null,,31.4,73.8,
561-570,University of Pretoria,22.7,25.4,null,34.8,,null,46,
571-580,Abo Akademi University,null,27.9,39.4,null,,17.6,41.5,
571-580,Altai State University,null,null,79.4,null,,37.9,null,
571-580,Aristotle University of Thessaloniki,25.3,34.8,null,22.1,,null,null,
571-580,China University of Geosciences,null,31.5,61.9,null,,null,null,
571-580,"Lingnan University, Hong Kong",null,20.8,24.8,null,,65.8,100,
571-580,Murdoch University,null,38.8,null,null,,58.4,80.5,
571-580,Okayama University,null,null,67.3,null,,null,null,
571-580,Universidad de Costa Rica,25.5,null,29.2,42.3,,null,null,
571-580,Universidad Panamericana (UP),null,null,68.4,30.2,,null,null,
571-580,University of Guelph,null,38.4,null,28.3,,null,49.8,
571-580,University of South Carolina,17.1,35.5,null,19.2,,null,47.5,
581-590,Clark University,null,42.3,33.4,null,,57.1,null,
581-590,Karl-Franzens-Universitaet Graz,19.8,18.7,null,null,,33,50.2,
581-590,"Kingston University, London",null,null,null,null,,97.1,74.1,
581-590,National Chengchi University,18.6,null,28.9,30.1,,53.8,null,
581-590,Pusan National University,18.7,25,27.2,null,,null,null,
581-590,Renmin (People's) University of China,23.7,null,null,39.2,,null,null,
581-590,Universidad de Sevilla,32.7,null,null,null,,null,null,
581-590,University of Aveiro,null,56.7,null,null,,null,null,
581-590,University of South Florida,null,38.9,null,null,,29.3,37.8,
591-600,Central Queensland University (CQUniversity Australia),null,null,null,null,,98.5,94.8,
591-600,Dalian University of Technology,null,62.5,null,null,,null,null,
591-600,Jeonbuk National University,null,null,53.5,null,,null,null,
591-600,Kanazawa University,null,null,63,null,,null,null,
591-600,Kazakh National Agrarian Research University (KazNARU),null,null,62,null,,18.4,29.5,
591-600,Palacký University Olomouc,null,null,42.7,null,,18.8,35.4,
591-600,Samara National Research University (Samara University),null,null,80.8,null,,18,null,
591-600,Southern Federal University,null,null,75.5,null,,24.5,null,
591-600,Universitat de Valencia,28.6,23.2,null,null,,null,null,
591-600,University of Minho,null,null,42.6,null,,18,24.5,
591-600,University of Tehran,20.3,43.6,null,22.1,,null,null,
601-650,American University in Dubai,null,null,null,18,,100,100,
601-650,Ateneo de Manila University,null,null,40.2,36.6,,null,null,
601-650,Bangor University,null,33.8,null,null,,60.8,57.5,
601-650,Carleton University,null,43.3,null,null,,47.3,33.5,
601-650,Chiang Mai University,30,null,null,25.9,,null,null,
601-650,Drexel University,null,29.6,34.1,null,,23.4,null,
601-650,East China University of Science and Technology,null,59.3,null,null,,null,null,
601-650,Eötvös Loránd University,23.4,null,null,null,,25.5,null,
601-650,Gifu University,null,null,76.1,null,,null,null,
601-650,Holy Spirit University of Kaslik,null,null,47.7,null,,35.1,98.7,
601-650,Hunan University,null,63.6,null,null,,null,null,
601-650,Indian Institute of Technology Hyderabad (IITH),null,54.1,31,null,,null,null,
601-650,Instituto Tecnológico de Buenos Aires (ITBA),null,null,54.7,25.5,,18.5,19.7,
601-650,International Islamic University Malaysia (IIUM),18.8,null,null,null,,65.6,27.2,
601-650,Iran University of Science and Technology,null,78.3,null,null,,null,null,
601-650,Ivane Javakhishvili Tbilisi State University,null,null,81.7,null,,null,null,
601-650,Jinan University (China),null,42.1,null,null,,86.1,51,
601-650,Abai Kazakh National Pedagogical University (Abai University),null,null,57.2,null,,null,32,
601-650,King Khalid University,null,null,53.2,null,,null,100,
601-650,Free University of Bozen-Bolzano,null,39,null,null,,32.6,95.7,
601-650,Lobachevsky University,null,null,68.9,null,,19,null,
601-650,Michigan Technological University,null,40.4,27.4,null,,21.5,null,
601-650,Middle East Technical University,23.3,19.9,null,39.3,,null,null,
601-650,Missouri University of Science and Technology,null,57.8,null,null,,17,62.6,
601-650,National Chung Hsing University,null,22.9,27.1,null,,null,null,
601-650,Shenzhen University,null,null,61.4,null,,null,null,
601-650,Smith College,null,null,72.5,null,,23.3,null,
601-650,"Sofia University ""St. Kliment Ohridski""",null,null,53.4,null,,null,null,
601-650,Syracuse University,null,20.7,null,19.8,,56.3,null,
601-650,Taras Shevchenko National University of Kyiv,null,null,42.1,28.8,,null,null,
601-650,Tokushima University,null,null,70.7,null,,null,null,
601-650,Tokyo University of Agriculture and Technology,null,48.8,null,null,,null,null,
601-650,Ulster University,null,19.3,null,null,,17.1,99.4,
601-650,Universidad de Concepción,23.1,null,null,40.8,,null,null,
601-650,University of Salamanca,24.7,null,null,null,,28.1,null,
601-650,Università degli Studi di Pavia,22.2,36.2,null,null,,null,null,
601-650,Universitat Ramon Llull,null,null,null,44.2,,38,94.3,
601-650,Universität Regensburg,null,null,55.4,null,,null,null,
601-650,Université de Fribourg,null,27.2,null,null,,48.7,100,
601-650,Université du Québec,22.6,25.7,null,18.9,,null,42.9,
601-650,Université Côte d'Azur,null,26.4,null,null,,50.8,60.8,
601-650,University of Bradford,null,23.9,null,null,,79.4,46.3,
601-650,University of Cincinnati,null,28.9,30.8,null,,null,null,
601-650,University of Hull,null,28.1,null,null,,46.1,63.2,
601-650,University of Jordan,24.4,null,null,34.1,,32.1,22.9,
601-650,University of Kentucky,null,31.9,25.3,null,,null,18,
601-650,University of Ljubljana,19.7,null,41.4,null,,null,null,
601-650,University of Manitoba,null,null,42.7,null,,32.3,null,
601-650,University of New Mexico,null,30.8,24.1,null,,null,null,
601-650,University of Oregon,17.3,27.8,null,null,,16.7,null,
601-650,University of Portsmouth,null,null,null,18.1,,74.7,76.3,
601-650,University of Sharjah,null,null,null,null,,100,100,
601-650,University of Vermont,null,21.1,65,null,,null,null,
651-700,American University,null,null,36.2,18.9,,18.7,null,
651-700,Applied Science University - Bahrain,null,null,30.9,null,,37.6,100,
651-700,Beijing University of Technology,null,22,45.1,null,,null,null,
651-700,Bogaziçi Üniversitesi,18.6,21.6,null,37.6,,null,null,
651-700,Brno University of Technology,null,null,25.7,29.1,,63.5,null,
651-700,Central South University,null,62.3,null,null,,null,null,
651-700,City University of New York,28.6,null,null,null,,null,null,
651-700,Edith Cowan University,null,20.3,null,null,,88.2,62.1,
651-700,Howard University,null,null,66.5,null,,null,null,
651-700,Jadavpur University,null,45.8,null,null,,null,null,
651-700,Jordan University of Science & Technology,null,null,26.1,22.7,,36.1,null,
651-700,Kagoshima University,null,null,71.1,null,,null,null,
651-700,Lahore University of Management Sciences (LUMS),null,null,25.8,51.7,,null,null,
651-700,Leibniz University Hannover,20.3,null,null,19.3,,37.7,29.9,
651-700,National and Kapodistrian University of Athens,21.5,25.3,null,26,,null,null,
651-700,"National Technical University ""Kharkiv Polytechnic Institute""",null,null,67.9,null,,null,null,
651-700,Northumbria University at Newcastle,null,18.6,null,21.9,,48.3,45.2,
651-700,O.P. Jindal Global University (JGU),null,null,53.4,21.2,,null,29.6,
651-700,Osaka Prefecture University,null,19,55.9,null,,null,null,
651-700,Pavol Jozef Šafárik University in Košice,null,null,63.2,null,,58.5,null,
651-700,Philipps-Universität Marburg,null,33.3,null,null,,26.5,17.9,
651-700,Pontifícia Universidade Católica do Rio de Janeiro,26.2,null,null,null,,null,null,
651-700,Savitribai Phule Pune University,null,null,48.6,null,,null,null,
651-700,Sejong University,null,26.5,null,20.7,,20.1,24.3,
651-700,Soochow University,null,50.8,null,null,,null,null,
651-700,Tallinn University of Technology (TalTech),null,null,27,null,,28,37.3,
651-700,Tokyo Metropolitan University,null,19.5,37.8,null,,null,null,
651-700,Universidad Anáhuac México,null,null,50.9,33.1,,null,null,
651-700,Universidad de Antioquia,24.9,null,null,53.3,,null,null,
651-700,Universidad ICESI,null,null,65.3,null,,null,null,
651-700,Universidad Nacional de La Plata (UNLP),30,null,null,null,,null,null,
651-700,Universidad Pontificia Bolivariana,null,null,55.9,26.9,,null,null,
651-700,Comillas Pontifical University,null,null,38.6,43.9,,null,17.4,
651-700,Universidad Torcuato Di Tella,null,null,24,30.4,,55.6,28.7,
651-700,Universidade Federal de Minas Gerais (UFMG),27.7,null,null,null,,null,null,
651-700,University of Genoa,17.3,33.7,null,null,,null,null,
651-700,University of Siena,null,43.1,null,null,,19.6,null,
651-700,University of Hohenheim,null,48.7,null,null,,27.4,18.9,
651-700,Universiti Teknologi MARA - UiTM,22.7,null,null,49.3,,null,null,
651-700,University of Denver,null,19.1,50.4,null,,null,null,
651-700,University of Hyderabad,null,43.1,null,null,,null,null,
651-700,University of Massachusetts Boston,null,33.7,null,null,,24.2,null,
651-700,University of Mons,null,53.4,null,null,,32.3,31.5,
651-700,University of Oklahoma,null,32.3,26.4,null,,null,26.6,
651-700,University of Pecs,null,null,38.5,null,,70,null,
651-700,University of Plymouth,null,31.3,null,null,,28.6,50.1,
651-700,University of Westminster,null,null,null,null,,100,79.3,
651-700,Vilnius Gediminas Technical University (VILNIUS TECH),null,null,37.8,19.1,,18.7,null,
651-700,Virginia Commonwealth University,null,19.9,46.2,null,,null,null,
651-700,William & Mary,null,22,36.1,null,,null,null,
701-750,Abu Dhabi University,null,null,null,null,,100,100,
701-750,Ajman University,null,null,null,null,,100,100,
701-750,Charles Darwin University,null,26.7,null,null,,88.9,58.9,
701-750,China Agricultural University,null,42.1,25.2,null,,null,null,
701-750,Chonnam National University,null,22.5,35.5,null,,null,null,
701-750,Comenius University Bratislava,null,null,44.4,null,,24.5,null,
701-750,Gunma University,null,null,61.3,null,,null,null,
701-750,Instituto Politécnico Nacional (IPN),18,null,null,46.8,,null,null,
701-750,Instituto Tecnológico Autónomo de México (ITAM),null,null,null,45,,null,55.8,
701-750,Kansas State University,null,23,null,null,,null,41.3,
701-750,Kaohsiung Medical University,null,23.8,42.5,null,,null,null,
701-750,Keele University,null,25.6,24.5,null,,34.3,49.2,
701-750,Lebanese University,null,null,null,30.7,,35,46.6,
701-750,Louisiana State University,null,38.8,null,null,,null,null,
701-750,Macau University of Science and Technology,null,19.2,null,null,,100,100,
701-750,Maynooth University,null,18.9,null,null,,19.4,83.3,
701-750,Memorial University of Newfoundland,null,26.7,null,null,,59.1,29.4,
701-750,Mendel University in Brno,null,null,42,null,,50.7,null,
701-750,Middlesex University,null,null,null,null,,79.3,86.4,
701-750,Nanjing University of Science and Technology,null,44.2,null,null,,null,null,
701-750,"National Technical University of Ukraine ""Igor Sikorsky Kyiv Polytechnic Institute""",null,null,41.1,26.1,,null,null,
701-750,Notre Dame University-Louaize NDU,null,null,26.4,23.4,,25.9,84.9,
701-750,Riga Technical University,null,null,28.2,19.8,,37.5,17,
701-750,Saint Petersburg Electrotechnical University ETU-LETI,null,null,58.6,null,,50.7,null,
701-750,Southern Methodist University,null,null,41.3,null,,27.6,null,
701-750,Stevens Institute of Technology,null,32.1,null,null,,95.5,42.7,
701-750,Sumy State University,null,null,55.7,null,,52.5,null,
701-750,Sunway University,null,null,36.2,28.4,,23.8,42.1,
701-750,Temple University,null,20.8,null,null,,null,null,
701-750,Universidad Adolfo Ibáñez,null,null,null,63.2,,null,39.8,
701-750,Universidad de San Andrés - UdeSA,null,null,54.5,25.7,,null,null,
701-750,Universidad Iberoamericana Ciudad de México - IBERO,null,null,25.4,41.7,,null,null,
701-750,Universidad Peruana Cayetano Heredia (UPCH),null,null,51.9,null,,null,null,
701-750,Universidade de Santiago de Compostela,20,22.1,null,null,,null,null,
701-750,Universidade Federal do Rio Grande Do Sul,25.5,null,null,null,,null,null,
701-750,University of Trieste,null,41.4,null,null,,null,null,
701-750,Universität Rostock,null,null,52.6,null,,17,null,
701-750,Université Claude Bernard Lyon 1,19.6,22.5,null,null,,null,null,
701-750,Université de Sherbrooke,null,19.7,25.1,18,,null,59.1,
701-750,Universiti Tenaga Nasional (UNITEN),null,null,37,null,,18.8,18.9,
701-750,University of Central Florida,null,26.5,null,25.7,,null,null,
701-750,University of Electronic Science and Technology of China,null,58.1,null,null,,null,null,
701-750,University of Greenwich,null,null,null,null,,97.9,87.3,
701-750,University of Haifa,null,null,32.3,null,,null,null,
701-750,University of Houston,null,37.7,null,null,,null,null,
701-750,University of Huddersfield,null,null,null,19.8,,72.9,62.7,
701-750,"University of Maryland, Baltimore County",null,36.3,null,null,,null,null,
701-750,University of Southern Queensland,null,25.3,null,null,,43.4,72.6,
701-750,Worcester Polytechnic Institute,null,34.8,null,null,,48.7,24.2,
701-750,Zayed University,null,null,29.7,null,,null,100,
751-800,Beijing Jiaotong University,null,25.7,null,null,,null,null,
751-800,Bournemouth University,null,21.3,null,null,,45.2,80.6,
751-800,Chongqing University,null,44,null,null,,null,null,
751-800,Chungnam National University,null,null,34.6,null,,null,null,
751-800,Clarkson University,null,38.5,null,null,,null,29,
751-800,Dankook University,null,null,59.4,null,,null,null,
751-800,Florida International University,null,null,null,22,,null,24.5,
751-800,Georgia State University,null,29.5,null,19.4,,null,null,
751-800,Indiana University–Purdue University Indianapolis,null,null,34.1,null,,null,22.1,
751-800,Istanbul Technical University,17.6,null,null,33.1,,null,null,
751-800,Jamia Millia Islamia,null,null,49.8,null,,null,null,
751-800,Kazakh-British Technical University,null,null,37.8,null,,null,40.8,
751-800,NJSC KIMEP University,null,null,30.7,null,,19.9,82.9,
751-800,London South Bank University,null,null,null,null,,92.4,68.9,
751-800,"Manipal Academy of Higher Education, Manipal, Karnataka, India",null,null,54.5,null,,null,null,
751-800,New Jersey Institute of Technology (NJIT),null,24.2,null,null,,52.1,40.1,
751-800,Northwest University (China),null,null,47.7,null,,null,null,
751-800,Nottingham Trent University,null,null,null,24.8,,49.1,52.4,
751-800,Oklahoma State University,null,19.7,null,null,,null,50.8,
751-800,Paris Lodron University of Salzburg,null,25.3,null,null,,96.8,null,
751-800,Plekhanov Russian University of Economics,null,null,45.4,null,,22.6,null,
751-800,Politecnico di Bari,null,50.8,null,null,,null,null,
751-800,Prince Mohammad Bin Fahd university,null,null,null,null,,21.1,100,
751-800,Universitat Rovira i Virgili,null,30.6,23.9,null,,24.9,null,
751-800,Rutgers University–Newark,null,null,null,null,,23.5,32.8,
751-800,Institut Teknologi Sepuluh Nopember (ITS Surabaya),null,null,32.5,18.1,,null,53.7,
751-800,Southern Cross University,null,27.7,null,null,,73.6,64.7,
751-800,Technical University of Liberec,null,null,53.1,null,,null,16.9,
751-800,Tokyo University of Science,null,23.2,null,24.3,,null,null,
751-800,Universidad Central de Venezuela,17.6,null,null,46.3,,null,null,
751-800,Universidad de Guadalajara (UDG),17.1,null,32.7,null,,null,null,
751-800,Universidad de La Sabana,null,null,null,47.5,,null,null,
751-800,Universidad San Francisco de Quito USFQ,null,null,30.9,null,,null,64.6,
751-800,University of the Basque Country,16.7,null,30.7,null,,null,null,
751-800,Universidad del Rosario,null,null,null,46.6,,null,null,
751-800,Ca' Foscari University of Venice,18.2,null,null,20.7,,null,27.6,
751-800,University of Modena and Reggio Emilia,null,50.5,null,null,,null,null,
751-800,Università degli Studi di Perugia,null,45.7,null,null,,null,null,
751-800,Universität Duisburg-Essen,null,20.4,null,null,,47.8,35.7,
751-800,University Duesseldorf,null,null,30.2,null,,18.1,null,
751-800,Université de Lille,26,null,null,null,,21,19.6,
751-800,Universiti Malaysia Pahang Al-Sultan Abdullah (UMPSA),null,null,null,null,,null,43.8,
751-800,University at Albany SUNY,null,43.2,null,null,,null,null,
751-800,University of Brescia,null,51.8,null,null,,null,null,
751-800,University of Patras,null,36.3,null,17.9,,null,null,
751-800,University of Seoul,null,null,33.1,null,,null,null,
751-800,University of Tulsa,null,null,41.2,null,,40.3,null,
751-800,University of Windsor,null,56.6,null,null,,44,null,
801-1000,"Adam Mickiewicz University, Poznań",null,null,25.6,null,,null,null,
801-1000,American University of the Middle East,null,null,null,null,,16.9,100,
801-1000,AGH University of Krakow,null,null,28,null,,null,null,
801-1000,"Ain Shams University in Cairo (ASU, Cairo)",16.8,null,null,19.7,,null,18.3,
801-1000,Alexandria University,16.7,null,null,null,,null,null,
801-1000,Aligarh Muslim University,null,null,27.1,null,,null,null,
801-1000,Amrita Vishwa Vidyapeetham,null,null,31.1,null,,null,41.8,
801-1000,Ankara Üniversitesi,null,null,null,null,,null,null,
801-1000,Anna University,null,45.2,null,null,,null,null,
801-1000,Athens University of Economics and Business,null,19.2,null,32.5,,null,null,
801-1000,Auburn University,null,21.5,null,null,,null,null,
801-1000,Australian Catholic University,null,null,null,null,,49,60,
801-1000,Babes-Bolyai University,null,null,null,null,,null,null,
801-1000,Bangladesh University of Engineering and Technology,null,null,null,22.2,,null,null,
801-1000,Baylor University,null,null,null,null,,null,null,
801-1000,Beijing Foreign Studies University,null,null,30.2,null,,32.5,33.6,
801-1000,Beirut Arab University,null,null,null,null,,39.8,71.8,
801-1000,Belarusian National Technical University (BNTU),null,null,31.7,26.2,,null,null,
801-1000,Bina Nusantara University (BINUS),null,null,null,null,,null,null,
801-1000,Binghamton University SUNY,null,24.3,null,null,,21.1,null,
801-1000,Birmingham City University,null,null,null,null,,65.7,35.5,
801-1000,Budapest University of Technology and Economics,null,null,null,18.9,,18.6,null,
801-1000,Charles Sturt University,null,null,null,null,,87.5,null,
801-1000,Clemson University,null,27.6,null,20.1,,null,null,
801-1000,COMSATS University Islamabad,null,null,null,null,,null,null,
801-1000,Corvinus University of Budapest,null,null,null,18.6,,33.8,null,
801-1000,Cracow University of Technology (Politechnika Krakowska),null,null,29.3,null,,null,null,
801-1000,Czech University of Life Sciences in Prague,null,null,null,null,,56.2,25.8,
801-1000,De La Salle University,16.6,null,null,26.9,,null,null,
801-1000,De Montfort University,null,null,null,null,,90.9,61.6,
801-1000,Edinburgh Napier University,null,null,null,null,,82.3,55.5,
801-1000,Escuela Politécnica Nacional,null,null,35.6,null,,null,null,
801-1000,Fordham University,null,null,null,null,,29.7,null,
801-1000,Gdańsk University of Technology,null,null,31.9,null,,null,null,
801-1000,George Mason University,null,21.5,null,null,,17.5,null,
801-1000,German Jordanian University,null,null,24.2,null,,26.2,58.2,
801-1000,Glasgow Caledonian University,null,null,null,null,,41.7,32.8,
801-1000,Gulf University for Science and Technology,null,null,null,null,,17.9,100,
801-1000,Hacettepe University,null,null,null,null,,null,null,
801-1000,Harbin Engineering University,null,22.4,35.7,null,,null,null,
801-1000,Islamic University of Madinah,null,null,null,null,,100,97,
801-1000,Istanbul University,20.6,null,null,null,,null,null,
801-1000,Abylkas Saginov Karaganda Technical University,null,null,53.8,null,,null,null,
801-1000,Kasetsart University,23.9,null,null,20.3,,null,null,
801-1000,Kaunas University of Technology,null,null,32.2,null,,null,null,
801-1000,Kazakh Ablai Khan University of International Relations and World Languages,null,null,35.6,null,,null,null,
801-1000,Kent State University,null,34.7,null,null,,null,18.7,
801-1000,Khon Kaen University,null,null,null,null,,null,null,
801-1000,King Faisal University,null,null,null,null,,null,99.6,
801-1000,King Mongkut's University of Technology Thonburi,null,null,null,null,,null,null,
801-1000,Kuwait University,null,null,null,null,,29.1,36.7,
801-1000,Kyoto Institute of Technology,null,null,24.9,null,,null,null,
801-1000,Kyushu Institute of Technology,null,33.5,null,null,,null,null,
801-1000,Lanzhou University,null,34.9,null,null,,null,null,
801-1000,Liverpool John Moores University,null,null,null,null,,33.4,45.6,
801-1000,Lodz University of Technology,null,null,34.8,null,,null,null,
801-1000,London Metropolitan University,null,null,null,null,,99,54.6,
801-1000,Loyola University Chicago,null,null,26.7,null,,null,null,
801-1000,Manchester Metropolitan University,null,null,null,null,,38.2,39.7,
801-1000,Multimedia University (MMU),null,null,null,null,,23.5,19.3,
801-1000,Nagoya Institute of Technology (NIT),null,37.2,null,null,,null,null,
801-1000,National Chung Cheng University,null,null,null,null,,null,null,
801-1000,Lviv Polytechnic National University,null,null,48.6,null,,null,null,
801-1000,Nicolaus Copernicus University,null,null,41.2,null,,null,null,
801-1000,Novosibirsk State Technical University,null,null,25.2,null,,53.9,null,
801-1000,Ohio University,null,null,null,null,,null,null,
801-1000,Universitas Padjadjaran (UNPAD),null,null,27.5,null,,null,null,
801-1000,Perm State National Research University,null,null,51.1,null,,null,null,
801-1000,Pontificia Universidad Católica de Valparaíso,20.2,null,null,27.3,,null,null,
801-1000,Pontificia Universidad Católica del Ecuador (PUCE),null,null,null,null,,null,17.9,
801-1000,Pontifícia Universidade Católica de São Paulo,null,null,34.8,null,,null,null,
801-1000,Poznan University of Technology,null,null,25.1,null,,null,null,
801-1000,Prince of Songkla University,17.9,null,null,null,,null,null,
801-1000,Princess Nourah bint Abdulrahman University,null,null,null,null,,null,73.2,
801-1000,Princess Sumaya University for Technology,null,null,null,null,,29.6,72.4,
801-1000,"Queen Margaret University , Edinburgh",null,null,null,null,,87.8,48.6,
801-1000,Rhodes University,null,23,null,null,,41.1,null,
801-1000,Riga Stradins University,null,null,null,null,,78.5,null,
801-1000,Ritsumeikan University,null,null,null,48.5,,null,27.2,
801-1000,Toronto Metropolitan University (formerly Ryerson University),null,36.3,null,25.2,,null,null,
801-1000,Saitama University,null,23.4,null,null,,null,null,
801-1000,San Diego State University,null,33.6,null,null,,null,null,
801-1000,Shanghai International Studies University,null,null,26.9,null,,48.9,46,
801-1000,Sheffield Hallam University,null,null,null,21,,17.3,29.4,
801-1000,Shinshu University,null,19.5,39.4,null,,null,null,
801-1000,Shiraz University,null,43.4,null,null,,null,null,
801-1000,Silesian University of Technology,null,null,34.3,null,,null,null,
801-1000,Slovak University of Technology in Bratislava,null,null,41.1,null,,null,null,
801-1000,Sophia University,null,null,null,18.4,,24.9,34.3,
801-1000,South Ural State University (National Research University),null,null,43.4,null,,21.2,null,
801-1000,MATE Hungarian University of Agriculture and Life Sciences,null,null,40.5,null,,29.2,null,
801-1000,Tallinn University,null,null,null,null,,25.7,29.2,
801-1000,Technical University of Kosice,null,null,25.3,null,,27.7,null,
801-1000,TU Dortmund University,null,null,null,null,,null,21.1,
801-1000,Technological University Dublin,null,null,null,null,,44.4,41,
801-1000,Tecnológico de Costa Rica -TEC,null,null,25.3,35.7,,null,null,
801-1000,Texas Tech University,null,19.8,null,null,,null,23,
801-1000,Robert Gordon University,null,null,null,null,,44.9,56.3,
801-1000,Russian Presidential Academy of National Economy and Public Administration,null,null,53.2,null,,null,null,
801-1000,Tokai University,null,null,null,null,,null,null,
801-1000,Universidad Austral de Chile,null,null,null,null,,null,19.2,
801-1000,Universidad Autonoma Chapingo,null,null,59.1,null,,null,null,
801-1000,Universidad Autónoma del Estado de México (UAEMex),20.2,null,null,null,,null,null,
801-1000,Universidad Autónoma Metropolitana (UAM),21.6,null,null,null,,null,null,
801-1000,Universidad Católica Andres Bello,18.9,null,null,46.8,,null,null,
801-1000,Universidad Católica del Uruguay (UCU),null,null,34.1,null,,null,null,
801-1000,University of Alicante,null,null,27.9,null,,null,null,
801-1000,Universidad de la República (Udelar),18.1,null,null,18.5,,null,null,
801-1000,Universidad de las Américas Puebla (UDLAP),null,null,28.6,18.4,,null,40.3,
801-1000,Universidad de los Andes - Chile,null,null,null,24.7,,null,null,
801-1000,Universidad de Los Andes - (ULA) Mérida,null,null,null,19,,null,null,
801-1000,University of Murcia,null,null,29.2,null,,null,null,
801-1000,Universidad de Oviedo,null,19.3,null,null,,null,null,
801-1000,Universidad del Valle,null,null,null,22.4,,null,null,
801-1000,Universidad Diego Portales (UDP),null,null,null,30.6,,null,null,
801-1000,Universidad EAFIT,null,null,null,53.9,,null,null,
801-1000,Universidad Nacional Costa Rica,null,null,null,19.9,,null,18,
801-1000,Universidad Nacional de Córdoba - UNC,19,null,null,null,,null,null,
801-1000,Universidad Nacional de Rosario (UNR),17.1,null,null,null,,null,null,
801-1000,Universidad Nacional de San Luis,null,null,41.4,null,,null,null,
801-1000,Universidad Nacional Mayor de San Marcos,null,null,null,33.8,,null,null,
801-1000,Universidad Simón Bolívar (USB),null,null,null,32,,null,null,
801-1000,Universidad Técnica Federico Santa María (USM),null,null,null,42,,null,null,
801-1000,Universidad Tecnológica de Panamá (UTP),null,null,24.9,26.3,,null,null,
801-1000,Universidad Tecnológica Nacional (UTN),null,null,41.8,30.2,,null,null,
801-1000,Universidade Católica Portuguesa,null,null,null,22.5,,18.1,null,
801-1000,Universidade da Coruña,null,null,30.8,null,,null,null,
801-1000,Universidade de Brasília,21,null,null,null,,null,null,
801-1000,Universidade Federal de Santa Catarina,17,null,null,null,,null,null,
801-1000,Universidade Federal de São Carlos (UFSCar),null,18.5,null,null,,null,null,
801-1000,Universidade Federal do Paraná - UFPR,null,null,null,null,,null,null,
801-1000,Universidade Federal de Pernambuco (UFPE),null,null,25.2,null,,null,null,
801-1000,Catania University,null,33.8,null,null,,null,null,
801-1000,Universita' degli Studi di Ferrara,null,49.8,null,null,,null,null,
801-1000,University of Salerno,null,35.2,null,null,,null,null,
801-1000,Università degli Studi di Udine,null,29,null,null,,null,null,
801-1000,Università degli studi Roma Tre,18.5,null,null,null,,null,null,
801-1000,University of Calabria,null,32.9,null,null,,null,null,
801-1000,Universita' Politecnica delle Marche,null,42.1,null,null,,null,null,
801-1000,University of Palermo,null,28.8,null,null,,null,null,
801-1000,Bielefeld University,null,null,null,null,,null,24.2,
801-1000,Universität Potsdam,null,null,null,null,,21.6,null,
801-1000,Université de Lorraine,null,null,null,null,,40.4,23.5,
801-1000,Nantes Université,null,null,null,null,,18,18.3,
801-1000,Université de Rennes 1,null,null,null,null,,null,null,
801-1000,Université de Versailles Saint-Quentin-en-Yvelines (UVSQ),null,28.7,null,null,,18.6,25.8,
801-1000,Paul Valéry University Montpellier,null,null,null,null,,82.9,17.1,
801-1000,Université Toulouse 1 Capitole,null,null,null,null,,58,33.7,
801-1000,Universiti Malaysia Sarawak (UNIMAS),null,null,null,null,,null,36.1,
801-1000,Universiti Tunku Abdul Rahman (UTAR),null,null,null,27.6,,null,null,
801-1000,Universiti Malaysia Perlis,null,null,46.3,null,,null,null,
801-1000,The University of Alabama,null,null,null,22.1,,null,null,
801-1000,University of Baghdad,null,null,35.2,null,,null,null,
801-1000,University of Bahrain,null,null,null,null,,29.9,98.8,
801-1000,University of Bari,null,27.1,null,null,,null,null,
801-1000,University of Brighton,null,null,null,null,,54.3,54.2,
801-1000,University of Bucharest,null,null,null,null,,null,null,
801-1000,University of Calcutta,null,21.3,null,null,,null,null,
801-1000,University of Central Lancashire,null,null,null,null,,47.7,31.2,
801-1000,University of Crete,null,31.1,null,null,,null,null,
801-1000,University of Dhaka,null,null,null,31.5,,null,null,
801-1000,University of East London,null,null,null,null,,94.5,78.3,
801-1000,University of Engineering & Technology (UET) Lahore,null,null,null,36.6,,null,null,
801-1000,UNIVERSITY OF GDANSK,null,null,24.9,null,,null,null,
801-1000,Hertfordshire,null,null,null,null,,86.9,53.7,
801-1000,University of Kufa,null,null,36.8,null,,null,null,
801-1000,University of Kwazulu-Natal,null,19.4,null,null,,null,30.6,
801-1000,University of Latvia,null,null,null,null,,null,18.3,
801-1000,University of Lincoln,null,null,null,null,,null,77.3,
801-1000,University of Lodz,null,null,32.7,null,,null,null,
801-1000,Universiti Malaysia Sabah (UMS),null,null,null,null,,null,21.6,
801-1000,University of Malta,null,null,44.7,null,,null,17.7,
801-1000,University of Maribor,null,null,38.3,null,,null,null,
801-1000,University of Miskolc,null,null,34.1,null,,null,null,
801-1000,University of Mississippi,null,null,37.4,null,,null,null,
801-1000,University of New England Australia,null,26.9,null,null,,null,null,
801-1000,University of New Hampshire,null,36.8,null,null,,null,null,
801-1000,University of Pardubice,null,null,32.4,null,,null,null,
801-1000,University of Parma,null,40.1,null,null,,null,null,
801-1000,University of Rijeka,null,null,37.6,null,,null,null,
801-1000,University of Salford,null,null,null,null,,47,36,
801-1000,University of San Diego,null,null,26.2,null,,null,null,
801-1000,University of Santo Tomas,null,null,null,null,,null,29.7,
801-1000,University of the Pacific,null,null,41.8,null,,null,null,
801-1000,University of the Punjab,null,null,null,32.2,,null,null,
801-1000,UWE Bristol (University of the West of England),null,null,null,null,,53.4,42.7,
801-1000,University of Wroclaw,null,null,null,null,,null,null,
801-1000,University of Wyoming,null,39.6,null,null,,null,null,
801-1000,University of Zagreb,null,null,32.3,null,,null,null,
801-1000,Utah State University,null,32.8,null,null,,null,null,
801-1000,Verona University,null,26.9,null,null,,null,null,
801-1000,Viet Nam National University Ho Chi Minh City (VNU-HCM),20.4,null,null,null,,null,null,
801-1000,"Vietnam National University, Hanoi",null,null,null,null,,null,null,
801-1000,Vytautas Magnus University,null,null,null,null,,18.7,27.6,
801-1000,Wroclaw University of Science and Technology (Wrocław Tech),null,null,29.8,null,,null,null,
801-1000,Wuhan University of Technology,null,23.4,null,null,,null,null,
801-1000,Xi'an Jiaotong Liverpool University,null,null,null,null,,null,100,
801-1000,Yamaguchi University,null,null,48.9,null,,null,null,
801-1000,Yeungnam University,null,27.5,null,null,,null,22.2,
801-1000,Yokohama National University,null,null,24.6,null,,null,null,
1001+,Al-Azhar University,null,null,null,null,,null,null,
1001+,Alexandru Ioan Cuza University,null,null,null,null,,null,null,
1001+,Amity University,null,null,null,null,,18.7,null,
1001+,An-Najah National University,null,null,null,null,,18,33.6,
1001+,Aoyama Gakuin University,null,null,null,null,,null,18.3,
1001+,Assiut University,null,null,null,null,,null,29.4,
1001+,Azerbaijan State University of Economics,null,null,null,null,,null,null,
1001+,Baku State University,null,null,24.3,null,,null,null,
N/A,Baylor College of Medicine,null,null,100,null,,25.4,null,
1001+,Belarusian State University of Informatics and Radioelectronics,null,null,null,null,,null,null,
1001+,Benemerita Universidad Autonoma de Puebla,null,null,null,null,,null,null,
N/A,BI Norwegian Business School,null,22,null,null,,18.8,80.5,
1001+,"Birla Institute of Technology and Science, Pilani",null,20.9,null,null,,null,null,
1001+,Birzeit university,null,null,null,null,,null,null,
1001+,Brigham Young University,null,20.7,null,null,,null,null,
1001+,Canterbury Christ Church University,null,null,null,null,,25.3,32.2,
N/A,Central European University,19.4,null,61.3,null,,89,83.5,
1001+,Chung Yuan Christian University,null,null,null,null,,null,null,
N/A,Copenhagen Business School,null,41.7,null,19.1,,65.5,85.9,
N/A,Cranfield University,null,46.5,99.5,25.1,,100,99.7,
1001+,Damascus University,null,null,null,null,,null,null,
1001+,Diponegoro University,null,null,null,null,,null,17.2,
1001+,Dokuz Eylul Universitesi,null,null,null,null,,null,null,
1001+,Doshisha University,null,null,null,null,,null,20,
1001+,Karaganda Buketov University,null,null,26.3,null,,null,null,
1001+,EGE UNIVERSITY,null,null,null,null,,null,null,
N/A,ESCP Business School - Paris,null,null,null,41.5,,83.9,83.5,
1001+,Escuela Superior Politécnica del Litoral (ESPOL),null,null,null,null,,null,23.6,
N/A,ESSEC Business School,null,40.6,null,60.8,,88.5,99.6,
1001+,Feng Chia University,null,null,null,null,,null,null,
1001+,Fu Jen Catholic University,null,null,null,null,,17.5,null,
1001+,Gazi Üniversitesi,null,null,null,null,,null,null,
1001+,German University in Cairo,null,null,null,null,,null,null,
N/A,Institut polytechnique de Grenoble - Grenoble Institute of Technology,null,null,null,26.2,,74.9,35.5,
1001+,Hanoi University of Science and Technology,null,null,null,null,,null,null,
N/A,HEC Paris Business School,null,null,null,89.7,,89,83.5,
1001+,Helwan University,null,null,null,null,,null,null,
N/A,IMT Atlantique,null,null,92.6,37.7,,99.4,64.7,
N/A,INSEAD,21.4,null,39.5,84.6,,89,83.5,
1001+,Izmir Institute of Technology (IZTECH),null,null,null,null,,null,null,
1001+,Jamia Hamdard,null,null,null,null,,null,null,
N/A,Jawaharlal Nehru University,28.3,23.8,26.5,null,,null,null,
N/A,Karolinska Institutet,39.7,90,99.8,null,,45.3,91.8,
N/A,King Abdullah University of Science & Technology (KAUST),22.6,100,78.2,null,,100,100,
1001+,King Mongkut's Institute of Technology Ladkrabang,null,null,null,19.3,,null,null,
1001+,Leeds Beckett University,null,null,null,null,,22.2,27.2,
N/A,London Business School,21.2,77.8,null,85.8,,100,100,
1001+,Makerere University,null,null,null,null,,null,null,
1001+,Mansoura University,null,null,null,null,,null,null,
1001+,Marquette University,null,null,26.2,null,,null,null,
1001+,Meiji University,null,null,null,20,,null,null,
1001+,Miami University,null,null,null,null,,22.8,null,
1001+,Mustansiriyah University,null,null,23.9,null,,null,null,
1001+,National Dong Hwa University,null,null,null,null,,16.4,null,
1001+,National Taiwan Ocean University,null,null,null,null,,null,null,
1001+,National University of Kyiv-Mohyla Academy (NaUKMA),null,null,27.6,null,,null,null,
1001+,North-West University,null,null,null,null,,null,null,
1001+,Northern Arizona University,null,null,null,null,,null,null,
1001+,Panjab University,null,null,null,null,,null,null,
1001+,Toraighyrov University,null,null,null,null,,null,null,
1001+,"Pontifícia Universidade Católica do Rio Grande do Sul, PUCRS",null,null,null,null,,null,null,
1001+,Rikkyo University,null,null,null,null,,null,null,
1001+,Russian State University for the Humanities,null,null,null,null,,null,null,
1001+,Saken Seifullin Kazakh Agrotechnical University,null,null,26.6,null,,null,null,
N/A,Scuola Normale Superiore,27.8,69.4,100,null,,20.9,27.8,
N/A,Sant'Anna - Scuola Universitaria Superiore Pisa,null,87.9,97.4,null,,50.9,null,
1001+,Seoul National University of Science and Technology,null,null,null,null,,null,null,
1001+,Shahid Beheshti University (SBU),null,25.5,null,null,,null,null,
1001+,"Siberian Federal University, SibFU",null,null,null,null,,null,40.1,
N/A,"St George's, University of London",null,58.4,52.4,null,,58.9,50.9,
1001+,Saint-Petersburg Mining University,null,null,null,null,,17.1,null,
N/A,Stockholm School of Economics,null,56.6,null,21.3,,26.3,86.3,
1001+,Suranaree University of Technology,null,null,null,null,,null,null,
1001+,Tamkang University,null,null,null,null,,null,null,
1001+,Technical University of Cluj-Napoca,null,null,null,null,,null,null,
1001+,VSB - Technical University of Ostrava,null,null,null,null,,27.3,null,
1001+,Thapar Institute of Engineering & Technology,null,28.3,null,null,,null,null,
1001+,"The ""Gheorghe Asachi"" Technical University of Iasi",null,null,null,null,,null,null,
1001+,The Hashemite University,null,null,null,null,,null,null,
1001+,Ton Duc Thang University,null,null,null,null,,null,50.2,
1001+,Tunghai University,null,null,null,null,,null,null,
1001+,Universidad Andrés Bello,null,null,null,null,,null,null,
1001+,Universidad Autónoma de Baja California,null,null,null,null,,null,null,
1001+,Universidad Autónoma de Chile,null,null,null,null,,null,null,
1001+,Universidad Autónoma de Nuevo León,null,null,null,19,,null,null,
1001+,Universidad Autónoma de Querétaro (UAQ),null,null,null,null,,null,null,
1001+,Universidad Autónoma de San Luis de Potosí,null,null,null,null,,null,null,
1001+,Universidad Autonoma de Yucatan,null,null,null,null,,null,null,
1001+,Universidad Autónoma del Estado de Morelos (UAEM),null,null,null,null,,null,null,
1001+,"Universidad Católica Boliviana ""San Pablo"" (UCB)",null,null,null,null,,null,null,
1001+,Universidad Católica de Colombia,null,null,null,null,,null,null,
1001+,"Universidad Católica de Córdoba (UCC), Jesuitas",null,null,29,null,,null,null,
1001+,Universidad Católica del Norte,null,null,null,null,,null,16.9,
1001+,Universidad Central del Ecuador,null,null,null,null,,null,null,
1001+,Universidad de Castilla-La Mancha,null,null,null,null,,null,null,
1001+,Universidad de Guanajuato,null,null,null,null,,null,null,
1001+,Universidad de La Frontera (UFRO),null,null,null,null,,null,null,
1001+,Universidad de La Salle,null,null,null,null,,null,null,
1001+,Universidad de las Fuerzas Armadas ESPE (Ex - Escuela Politécnica del Ejército),null,null,null,null,,null,null,
1001+,Universidad de Lima,null,null,null,34.5,,null,null,
1001+,Universidad de Medellín,null,null,null,null,,null,null,
1001+,Universidad de Monterrey (UDEM),null,null,null,null,,null,null,
1001+,Universidad de Panamá - UP,null,null,null,null,,null,null,
1001+,Universidad de Puerto Rico,null,null,null,null,,null,null,
1001+,Universidad de Sonora,null,null,null,null,,null,null,
1001+,Universidad de Talca,null,null,null,null,,null,19.2,
1001+,Universidad de Valparaíso (UV),null,null,null,null,,null,null,
1001+,Universidad del Bío-Bío,null,null,null,null,,null,null,
1001+,Universidad del Desarrollo (UDD),null,null,null,18.6,,null,null,
1001+,Universidad del Norte,null,null,null,25.8,,null,null,
1001+,Universidad del Pacífico,null,null,null,36.1,,null,null,
1001+,Universidad Industrial de Santander - UIS,null,null,null,27,,null,null,
1001+,Universidad Mayor de San Andrés (UMSA),null,null,null,null,,null,null,
1001+,Universidad Metropolitana,null,null,null,20.1,,null,null,
1001+,Universidad Nacional Agraria la Molina,null,null,null,null,,null,null,
1001+,Universidad Nacional de la Asunción,null,null,27.9,null,,null,null,
1001+,Universidad Nacional de Cuyo,null,null,null,null,,16.9,null,
1001+,Universidad Nacional de Mar del Plata,null,null,null,null,,null,null,
1001+,Universidad Nacional de Quilmes,null,null,null,null,,null,null,
1001+,Universidad Nacional de San Martín (UNSAM),null,null,null,null,,null,null,
1001+,Universidad Nacional de Tucumà¡n,null,null,null,null,,null,null,
1001+,Universidad Nacional del Litoral,null,null,null,null,,null,null,
1001+,Universidad Nacional del Sur,null,null,null,null,,null,null,
1001+,Universidad Peruana de Ciencias Aplicadas (UPC),null,null,null,26.8,,null,null,
1001+,Universidad Rey Juan Carlos,null,null,null,null,,null,null,
1001+,Universidade de Vigo,null,19.7,null,null,,null,null,
1001+,Universidade do Estado do Rio de Janeiro (UERJ),null,null,null,null,,null,null,
1001+,Universidade Estadual de Londrina,null,null,null,null,,null,null,
1001+,Universidade Federal da Bahia,null,null,null,null,,null,null,
1001+,Universidade Federal de Santa Maria,null,null,null,null,,null,null,
1001+,Universidade Federal de Viçosa (UFV),null,null,null,null,,null,null,
1001+,Universidade Federal do Ceará (UFC),null,null,null,null,,null,null,
1001+,Universidade Federal Fluminense,null,null,null,null,,null,null,
N/A,Bocconi University,24.8,null,null,81.3,,32.2,44.3,
1001+,Universitas Muhammadiyah Surakarta,null,null,null,null,,null,null,
1001+,Universität Siegen,null,null,null,null,,20.1,32.3,
1001+,Université de Caen Normandie,null,null,null,null,,null,null,
1001+,Université de Poitiers,null,null,null,null,,33.8,null,
N/A,Université de Technologie de Compiègne (UTC),null,22.5,38.3,18,,32.1,null,
1001+,Université Jean Moulin Lyon 3,null,null,null,null,,32.3,27.1,
1001+,Université Lumière Lyon 2,null,null,null,null,,null,24.5,
1001+,Université Mohammed V de Rabat,null,null,null,null,,null,null,
1001+,Université Paris-Nanterre,null,null,null,null,,null,null,
1001+,Universiti Malaysia Terengganu (UMT),null,null,null,null,,null,null,
1001+,Università degli studi di Bergamo,null,null,null,null,,null,17.3,
1001+,"University of Agriculture, Faisalabad",null,21.2,null,null,,null,null,
1001+,University of Arkansas Fayetteville,null,19.2,null,null,,null,null,
1001+,University of Babylon,null,null,null,null,,null,null,
1001+,University of Basrah,null,null,null,null,,null,null,
1001+,University of Belgrade,null,null,null,null,,null,null,
1001+,Universitas Brawijaya,null,null,null,null,,null,null,
N/A,"University of California, San Francisco",42.2,48.7,100,null,,null,44.3,
1001+,University of Colombo,null,null,null,null,,null,null,
N/A,Prague University of Economics and Business,null,null,null,18.7,,60.4,null,
1001+,University of Ghana,null,null,null,null,,null,null,
1001+,University of Karachi,null,null,null,null,,null,null,
1001+,The University of Lahore,null,null,null,null,,null,null,
1001+,University of Montana Missoula,null,23.6,null,null,,null,null,
1001+,University of Mumbai,null,null,null,23.9,,null,null,
1001+,University of Nairobi,null,null,null,null,,null,null,
1001+,University of Niš,null,null,null,null,,null,null,
1001+,University of Novi Sad,null,null,null,null,,null,null,
1001+,University of Ostrava,null,null,25.2,null,,null,21.5,
1001+,University of Peradeniya,null,null,null,null,,null,null,
1001+,University of San Francisco,null,null,null,null,,28.9,null,
1001+,University of Sarajevo,null,null,null,null,,null,null,
1001+,University of Silesia in Katowice,null,null,null,null,,null,null,
1001+,University of Split,null,null,null,null,,null,null,
N/A,University of the Arts London,null,null,null,null,,100,48.3,
1001+,University of the Western Cape,null,19.6,null,null,,null,24.1,
1001+,University of West Bohemia,null,null,null,null,,null,null,
1001+,University POLITEHNICA of Bucharest,null,null,null,null,,null,null,
1001+,Université Toulouse - Jean Jaurès,null,null,null,null,,25.5,31.9,
1001+,"Vellore Institute of Technology (VIT), Vellore, India",null,null,null,null,,null,null,
1001+,Voronezh State University,null,null,27,null,,26.3,null,
1001+,Warsaw University of Life Sciences SGGW (WULS-SGGW),null,null,25.4,null,,null,null,
N/A,Weizmann Institute of Science,19.9,76.4,100,null,,null,null,
1001+,Universitatea de Vest din Timisoara / West University of Timisoara,null,null,null,null,,null,null,
N/A,WHU - Otto Beisheim School of Management,null,45.1,25.2,23.8,,null,98.6,
1001+,Yarmouk University,null,null,null,null,,null,null,
1001+,Yildiz Technical University,null,null,null,null,,null,null,
